Group;z_score
Negative;-0.189121595624977
Negative;0.230360495109051
Negative;0.0640334702407274
Negative;-0.191642006182391
Negative;1.11713806557834
Negative;0.801396638369484
Negative;-0.26950638213089
Negative;0.520214658323418
Negative;0.349973932828354
Negative;0.190369069522342
Negative;0.956494846945765
Negative;-0.384439864849106
Negative;-0.301722091517594
Negative;0.520982398386754
Negative;-0.0858070384644061
Negative;-0.0613930272226075
Negative;-0.340627043287043
Negative;0.108387371348467
Negative;0.284101978316797
Negative;-0.137607498595385
Negative;0.250488103121205
Negative;-0.301722091517594
Negative;0.14821512708114
Negative;0.243449643564505
Negative;-0.144593248067747
Negative;0.193677956348861
Negative;0.177337113530568
Negative;-0.419616976642508
Negative;0.0835123434432018
Negative;0.0865109401469199
Negative;-0.2841712756332
Negative;1.11755835941722
Negative;0.0419475310656029
Negative;-0.231809519972723
Negative;0.245102281691509
Negative;-0.317463199643154
Negative;0.604334792371615
Negative;-0.244861837283652
Negative;0.0913942921197002
Negative;-0.418136275439159
Negative;0.0560396456258321
Negative;0.167832374438184
Negative;0.107179281737186
Negative;0.109674783790809
Negative;0.733437829770743
Negative;0.0820749213998997
Negative;-0.0820008966454666
Negative;-0.471023094181618
Negative;0.0154171888728674
Negative;-0.0440149171275816
Negative;0.0309442531635775
Negative;-0.217447178494369
Negative;0.119490909584902
Negative;-0.219271188741227
Negative;0.0469031925836268
Negative;-0.0588761734139666
Negative;0.0854061865375254
Negative;-0.150517315242309
Negative;0.618381067784374
Negative;0.138035605439566
Negative;0.244237896682086
Negative;-0.155425185034924
Negative;0.337165478493268
Negative;-0.0752278222608266
Negative;-0.0937121936106185
Negative;-0.196107345097339
Negative;0.422501145153111
Negative;0.0733750467071036
Negative;-0.230879970310642
Negative;0.393786672187909
Negative;-0.079693161175774
Negative;-0.155425185034924
Negative;0.179823326828752
Negative;-0.135104255208485
Negative;-0.131181028683851
Negative;-0.162144063952141
Negative;0.0439087981754477
Negative;0.552631337335009
Negative;0.131117312759187
Negative;-0.11496583088527
Negative;-0.0497662785127758
Negative;-0.368977296672746
Negative;0.0488926581606792
Negative;-0.399924246407751
Negative;-0.156927699620559
Negative;-0.313341017075239
Negative;0.046962509936932
Negative;-0.383366395336723
Negative;0.220003368583537
Negative;0.134751334662295
Negative;-0.242008414367436
Negative;-0.131207258205366
Negative;-0.201435535161272
Negative;-0.197255033941886
Negative;0.367897201540879
Negative;0.382315471329605
Negative;0.0459782152393308
Negative;-0.00506541016639911
Negative;0.23625572747014
Negative;-0.399924246407751
Negative;-0.0250291341403486
Negative;-0.23363957515392
Negative;-0.278558247873706
Negative;-0.457041227208607
Negative;0.238941366200281
Negative;-0.219271188741227
Negative;-0.0899292210323214
Negative;0.290602535164664
Negative;-0.155425185034924
Negative;-0.370457997876095
Negative;-0.0435298754049844
Negative;-0.222701102441359
Negative;0.124593311140978
Negative;-0.2841712756332
Negative;-0.242415646058402
Negative;-0.0392812786814616
Negative;0.538405281422074
Negative;-0.23363957515392
Negative;-0.151998016445659
Negative;-0.166954867389199
Negative;-0.0974612879469364
Negative;-0.176522594353064
Negative;0.0948421729602491
Negative;-0.0234704720034706
Negative;-0.418136275439159
Negative;-0.295302464800861
Negative;-0.420656685996573
Negative;0.00386622585228353
Negative;-0.180761047088356
Negative;-0.140127909152799
Negative;0.0510215282459991
Negative;-0.330072344903297
Negative;-0.0575117140821968
Negative;-0.0548819021116866
Negative;0.584771496494099
Negative;-0.647150955253341
Negative;-0.647150955253341
Negative;-0.55908702471748
Negative;-0.203510694288954
Negative;-0.0858070384644061
Negative;-0.122179601662429
Negative;0.310846941747644
Negative;0.0190617035716269
Negative;0.222295647759513
Negative;-0.11496583088527
Negative;0.168554797959929
Negative;-0.141500630865666
Negative;0.198601188445385
Negative;0.368379793100847
Negative;-0.140174558410214
Negative;-0.647150955253341
Negative;-0.442672840795915
Negative;-0.36993360352045
Negative;0.198655585121576
Negative;-0.0802696519596893
Negative;0.108050641677116
Negative;0.375702906234971
Negative;-0.560567725920829
Negative;-0.647150955253341
Negative;-0.031579677659678
Negative;-0.196107345097339
Negative;-0.159557511591069
Negative;0.0189981975912135
Negative;-0.141327076190334
Negative;-0.254043813954531
Negative;0.328753624753766
Negative;0.0433935610255481
Negative;-0.111279198417582
Negative;0.0728206109300926
Negative;0.126228489023167
Negative;-0.423749303198654
Negative;0.199933635852957
Negative;-0.481499831631835
Negative;-0.050249907332519
Negative;-0.442672840795915
Negative;-0.0300652150008774
Negative;0.0835123434432018
Negative;-0.197255033941886
Negative;-0.262693074724379
Negative;-0.313341017075239
Negative;0.00483943728902839
Negative;-0.0291614606964938
Negative;-0.00252404640522256
Negative;-0.423749303198654
Negative;-0.647150955253341
Negative;0.361336676881134
Negative;-0.184095402872395
Negative;-0.423749303198654
Negative;0.121611063133227
Negative;0.00866661625705573
Negative;-0.195810838007721
Negative;-0.269892901570573
Negative;0.0393571347752389
Negative;-0.55908702471748
Negative;0.132449063287347
Negative;0.0965137763056946
Negative;-0.545105157744469
Negative;-0.280905103755787
Negative;-0.472503795384967
Negative;0.0982024142402871
Negative;0.0181828134161817
Negative;0.427420538201792
Negative;0.129263629882701
Negative;-0.331553046106647
Negative;-0.331553046106647
Negative;0.254434437281582
Negative;0.496341684772973
Negative;0.0892241343231455
Negative;-0.0197036891872823
Negative;-0.370341756004516
Negative;-0.0306008646125644
Negative;-0.0729536972225619
Negative;0.0189227226329663
Negative;0.0901791776166932
Negative;-0.0899393650205513
Negative;-0.472503795384967
Negative;-0.12883417280177
Negative;0.0397189981434896
Negative;0.321804371577422
Negative;-0.190602296828326
Negative;-0.208719235468349
Negative;-0.161038212794418
Negative;-0.158071293117489
Negative;0.229215843332388
Negative;-0.24910214333028
Negative;-0.24910214333028
Negative;-0.235560791183931
Negative;-0.283874768543583
Negative;-0.370457997876095
Negative;-0.230879970310642
Negative;-0.0314194063978547
Negative;-0.00471871341267623
Negative;0.273866123800167
Negative;1.0800535942997
Negative;-0.283874768543583
Negative;0.0819583339927744
Negative;-0.0485812759257986
Negative;-0.318943900846503
Negative;0.104941109445687
Negative;-0.0128065083198875
Negative;-0.203395871603671
Negative;0.0467666494187551
Negative;0.0903273837268719
Negative;0.00458450956193558
Negative;-0.231746124989374
Negative;0.0683933706117994
Negative;0.143218935906496
Negative;0.462244395202511
Negative;-0.405527130179016
Negative;0.0597209841690989
Negative;-0.0618575075958183
Negative;-0.55908702471748
Negative;-0.356089611463403
Negative;-0.560567725920829
Negative;-0.313341017075239
Negative;-0.197588046300688
Negative;0.287105633807908
Negative;-0.216895012691219
Negative;-0.442672840795915
Negative;-0.317463199643154
Negative;-0.55908702471748
Negative;-0.198884213674515
Negative;0.156550417346388
Negative;-0.303481332670144
Negative;-0.115760547168416
Negative;-0.0643178885344104
Negative;-0.277185526160838
Negative;-0.358046991984244
Negative;-0.143702906704796
Negative;-0.0484715177334373
Negative;-0.268295958495644
Negative;-0.156854391373481
Negative;0.248712272843402
Negative;-0.419508997152026
Negative;-0.560567725920829
Negative;-0.545105157744469
Negative;-0.178867568628012
Negative;0.0223526864654536
Negative;-0.507572927687888
Negative;-0.197588046300688
Negative;-0.130314874005119
Negative;-0.0464469959076884
Negative;0.354577412584902
Negative;-0.507572927687888
Negative;-0.0142005848833861
Negative;-0.647150955253341
Negative;-0.397348262309733
Negative;-0.423749303198654
Negative;-0.507572927687888
Negative;-0.506200205975021
Negative;-0.531672365928197
Negative;-0.55908702471748
Negative;-0.647150955253341
Negative;-0.40408110021907
Negative;-0.560567725920829
Negative;-0.0975121735398824
Negative;-0.219721434063195
Negative;-0.25777023474428
Negative;-0.201435535161272
Negative;-0.238581245778171
Negative;-0.191975018541193
Negative;-0.457041227208607
Negative;0.0548175260767087
Negative;0.09234975613329
Negative;-0.457041227208607
Negative;0.0111116889730759
Negative;-0.560567725920829
Negative;-0.112300984342003
Negative;-0.306532894954652
Negative;-0.234080089980581
Negative;-0.507572927687888
Negative;-0.331445066616165
Negative;-0.507572927687888
Negative;-0.358046991984244
Negative;-0.410207951052304
Negative;-0.30833337296681
Negative;0.0134892981894178
Negative;-0.235560791183931
Negative;-0.246342538487002
Negative;0.0860742018479657
Negative;0.0947531142134413
Negative;0.0526273956041169
Negative;-0.331553046106647
Negative;-0.282394067340234
Negative;-0.310765032977221
Negative;-0.120655304932487
Negative;0.404261316283149
Negative;-0.0130770435274256
Negative;0.00743517476366741
Negative;0.162488020739131
Negative;-0.242008414367436
Negative;-0.134645339929556
Negative;-0.139983329109848
Negative;0.220117299207901
Negative;0.0540683012236092
Negative;-0.0991129764050789
Negative;-0.219229891453949
Negative;0.182006195433596
Negative;-0.55908702471748
Negative;-0.330072344903297
Negative;0.461493418282603
Negative;-0.1808973449881
Negative;-0.196107345097339
Negative;-0.647150955253341
Negative;0.191199118597461
Negative;-0.507572927687888
Negative;-0.3652494566967
Negative;-0.354608910260053
Negative;-0.0841243964365
Negative;-0.0495564571586203
Negative;-0.55908702471748
Negative;-0.21965770818091
Negative;-0.399924246407751
Negative;-0.279705936718253
Negative;-0.419508997152026
Negative;-0.270629923486851
Negative;0.032705537153423
Negative;-0.111539055225783
Negative;-0.472503795384967
Negative;0.128030715901922
Negative;-0.00284942103610208
Negative;-0.215417402134282
Negative;-0.197588046300688
Negative;0.332083023050809
Negative;-0.340549082353514
Negative;-0.245727991962384
Negative;-0.14281603977478
Negative;-0.506200205975021
Negative;0.395950391566416
Negative;-0.0203867157165816
Negative;-0.647150955253341
Negative;-0.647150955253341
Negative;-0.55908702471748
Negative;-0.0899393650205513
Negative;-0.211715662145626
Negative;-0.1803249396845
Negative;0.00943027988035066
Negative;-0.215138862185082
Negative;-0.506200205975021
Negative;-0.168692686308056
Negative;-0.419616976642508
Negative;-0.506200205975021
Negative;-0.387401267255804
Negative;0.0815178191661132
Negative;-0.473984496588317
Negative;-0.545105157744469
Negative;-0.190494317337844
Negative;-0.545105157744469
Negative;-0.382959163645756
Negative;-0.366622178409567
Negative;-0.421855853034107
Negative;-0.506200205975021
Negative;-0.355544504856474
Negative;-0.55908702471748
Negative;-0.506200205975021
Negative;-0.55908702471748
Negative;-0.647150955253341
Negative;-0.55908702471748
Negative;-0.647150955253341
Negative;-0.301722091517594
Negative;-0.423749303198654
Negative;0.122756735926769
Negative;-0.423749303198654
Negative;-0.506200205975021
Negative;0.141305872664596
Negative;-0.647150955253341
Negative;-0.647150955253341
Negative;-0.55908702471748
Negative;-0.229399269107292
Negative;-0.239130320934909
Negative;-0.244969816774134
Negative;-0.127074931649221
Negative;-0.471023094181618
Negative;-0.366622178409567
Negative;-0.2841712756332
Negative;-0.297856635516593
Negative;-0.55908702471748
Negative;-0.55908702471748
Negative;-0.0202812943286183
Negative;-0.418136275439159
Negative;-0.55908702471748
Negative;-0.55908702471748
Negative;-0.55908702471748
Negative;-0.382959163645756
Negative;-0.366622178409567
Negative;-0.335685372662792
Negative;-0.330072344903297
Negative;-0.204883416001821
Negative;-0.0922314924072692
Negative;-0.342499809496103
Negative;-0.258973497129431
Negative;-0.55908702471748
Negative;-0.256397513031412
Negative;-0.55908702471748
Negative;-0.418136275439159
Negative;-0.418136275439159
Negative;-0.418136275439159
Negative;-0.278558247873706
Negative;-0.55908702471748
Negative;-0.55908702471748
Negative;-0.354995429699735
Negative;-0.397348262309733
Negative;-0.55908702471748
Negative;-0.55908702471748
Negative;-0.260117090626361
Negative;0.175614580036846
Negative;-0.472503795384967
Negative;-0.472503795384967
Negative;-0.472503795384967
Negative;-0.222701102441359
Negative;0.138379119508865
Negative;-0.281411670789922
Negative;-0.420989698355375
Negative;0.125889478514805
Negative;-0.384439864849106
Negative;-0.420989698355375
Negative;-0.0370424022898624
Negative;-0.0358492838929413
Negative;-0.180348269831362
Negative;-0.282394067340234
Negative;-0.254043813954531
Negative;-0.203395871603671
Negative;0.00270429403203204
Negative;-0.418136275439159
Negative;-0.139962616858564
Negative;0.220117299207901
Negative;-0.331445066616165
Negative;-0.00506541016639911
Negative;0.526857607500227
Negative;-0.420989698355375
Negative;0.0160257041901568
Negative;-0.171187005411767
Negative;-0.175139728651967
Negative;0.785698911297184
Negative;-0.0452927529141296
Negative;0.611703485291846
Negative;-0.258973497129431
Negative;-0.211715662145626
Negative;-0.124998353335242
Negative;-0.104777242684064
Negative;-0.00747831825595429
Negative;-0.206256137714688
Negative;0.0110768671224858
Negative;0.0620784895478087
Negative;-0.0147736879570871
Negative;-0.16679923614351
Negative;-0.252563112751181
Negative;0.303141694691857
Negative;0.370280913150017
Negative;-0.345834165280141
Negative;-0.1803249396845
Negative;-0.294895233109895
Negative;-0.331445066616165
Negative;-0.419508997152026
Negative;0.0464357959723186
Negative;-0.418136275439159
Negative;-0.225277086539377
Negative;-0.0586522364833239
Negative;-0.0945020624151278
Negative;-0.0899393650205513
Negative;0.0792977072871772
Negative;0.0105206489551481
Negative;-0.397348262309733
Negative;-0.0690249660313158
Negative;-0.220206783337648
Negative;-0.471023094181618
Negative;-0.178867568628012
Negative;-0.399924246407751
Negative;-0.0515230800179456
Negative;-0.264576380900695
Negative;-0.335685372662792
Negative;-0.278666227364188
Negative;-0.647150955253341
Negative;0.46832226635625
Negative;-0.472503795384967
Negative;-0.405527130179016
Negative;-0.330072344903297
Negative;-0.190494317337844
Negative;-0.11496583088527
Negative;0.0381131307853718
Negative;-0.162144063952141
Negative;-0.399924246407751
Negative;-0.25777023474428
Negative;0.0381131307853718
Negative;-0.301722091517594
Negative;0.159035313699326
Negative;-0.0273314055152964
Negative;-0.133156470702148
Negative;-0.10357807564653
Negative;-0.301722091517594
Negative;-0.254043813954531
Negative;0.444422925825504
Negative;-0.269983061448382
Negative;-0.207238534264999
Negative;-0.419508997152026
Negative;0.00441530100902152
Negative;0.056647581257906
Negative;-0.110390270443558
Negative;-0.399924246407751
Negative;-0.366622178409567
Negative;-0.14429674097813
Negative;0.0173984259030239
Negative;-0.0843263372610568
Negative;-0.280038949077055
Negative;-0.191975018541193
Negative;-0.104019067495814
Negative;-0.26950638213089
Negative;-0.00502653353299276
Negative;-0.0454510631391968
Negative;-0.310765032977221
Negative;0.0200946906317371
Negative;-0.0589924152855461
Negative;0.592966430478162
Negative;0.255113123263743
Negative;-0.318943900846503
Negative;0.222511888326595
Negative;-0.0951294998306192
Negative;-0.194330136804372
Negative;-0.160647277215507
Negative;0.000695723414073045
Negative;0.276165680362404
Negative;0.402199020483921
Negative;-0.278558247873706
Negative;0.532550999316826
Negative;-0.076446721592258
Negative;0.610824501267992
Negative;0.343067850794019
Negative;0.0905227634318739
Negative;-0.647150955253341
Negative;-0.248689394369083
Negative;-0.545105157744469
Negative;-0.278666227364188
Negative;-0.00955622249450301
Negative;-0.382959163645756
Negative;0.362461874772518
Negative;-0.458521928411957
Negative;-0.506200205975021
Negative;0.241194088952694
Negative;0.166691527873087
Negative;-0.367994900122434
Negative;-0.176522594353064
Negative;-0.0745013240993657
Negative;-0.509919783569969
Negative;0.0939555303352912
Negative;-0.212004968656603
Negative;0.114174043379478
Negative;-0.330072344903297
Negative;-0.331553046106647
Negative;-0.266931499163874
Negative;-0.0971164757846875
Negative;-0.423749303198654
Negative;-0.282385804959136
Negative;-0.105998368982398
Negative;-0.326754934506394
Negative;-0.367994900122434
Negative;-0.280400696212881
Negative;0.121183461431351
Negative;-0.278666227364188
Negative;-0.144404720468612
Negative;-0.159144762629872
Negative;-0.321290756728585
Negative;0.219075888436186
Negative;-0.647150955253341
Negative;0.0819583339927744
Negative;-0.356089611463403
Negative;-0.647150955253341
Negative;-0.379017974341329
Negative;-0.507572927687888
Negative;-0.405527130179016
Negative;-0.0473605804813968
Negative;-0.260759460842916
Negative;-0.506200205975021
Negative;-0.159867288644972
Negative;-0.305511109030231
Negative;-0.472503795384967
Negative;-0.280905103755787
Negative;-0.472503795384967
Negative;-0.472503795384967
Negative;-0.217096242705923
Negative;0.221045813184252
Negative;-0.20448709744578
Negative;0.00437601314016434
Negative;-0.195832651390007
Negative;-0.258917923588827
Negative;-0.354608910260053
Negative;-0.0304562214758322
Negative;-0.215417402134282
Negative;-0.418136275439159
Negative;0.376833016225512
Negative;-0.55908702471748
Negative;-0.340627043287043
Negative;-0.0589791806509036
Negative;-0.28107865843112
Negative;-0.172515271139941
Negative;0.722241263031981
Negative;-0.368977296672746
Negative;-0.647150955253341
Negative;-0.367994900122434
Negative;-0.0713841796421112
Negative;-0.382959163645756
Negative;-0.196107345097339
Negative;-0.647150955253341
Negative;-0.399924246407751
Negative;0.269828102628997
Negative;-0.0983824370733898
Negative;0.146147698622808
Negative;-0.531672365928197
Negative;-0.55908702471748
Negative;-0.330072344903297
Negative;0.239304822421181
Negative;-0.442672840795915
Negative;-0.383892523681698
Negative;-0.55908702471748
Negative;-0.647150955253341
Negative;-0.647150955253341
Negative;-0.18339983211587
Negative;-0.647150955253341
Negative;-0.204372033539272
Negative;-0.278558247873706
Negative;-0.258973497129431
Negative;-0.303094813230462
Negative;-0.168692686308056
Negative;-0.423749303198654
Negative;-0.193455719744543
Negative;-0.509919783569969
Negative;-0.471023094181618
Negative;-0.342499809496103
Negative;-0.303094813230462
Negative;-0.227044150844114
Negative;-0.471023094181618
Negative;-0.55908702471748
Negative;-0.131207258205366
Negative;-0.55908702471748
Negative;-0.55908702471748
Negative;-0.0156201085501445
Negative;-0.366622178409567
Negative;-0.507572927687888
Negative;-0.55908702471748
Negative;-0.385920566052455
Negative;-0.304030407826882
Negative;-0.370341756004516
Negative;0.0953588230169112
Negative;-0.55908702471748
Negative;-0.55908702471748
Negative;-0.55908702471748
Negative;-0.55908702471748
Negative;-0.442672840795915
Negative;-0.281411670789922
Negative;-0.216511583897949
Negative;-0.193805742448727
Negative;-0.28107865843112
Negative;0.00391302780617493
Negative;-0.284445657082607
Negative;0.527587379978141
Negative;-0.258973497129431
Negative;1.3488940702952
Negative;0.328447353280642
Negative;-0.0574911290462022
Negative;-0.227044150844114
Negative;0.300259378669816
Negative;2.08614448732704
Negative;0.714656652665863
Negative;0.571441169039979
Negative;0.0344438654161405
Negative;-0.162144063952141
Negative;-0.0253076740895485
Negative;-0.418136275439159
Negative;-0.471023094181618
Negative;-0.0554309772684247
Negative;0.235333191790453
Negative;-0.245727991962384
Negative;-0.240454011987231
Negative;-0.170909566593569
Negative;0.288784853052704
Negative;-0.301722091517594
Negative;0.0783937402549164
Negative;-0.111565561518969
Negative;-0.24762144212693
Negative;-0.160771342239274
Negative;-0.103488897798749
Negative;0.76253793162694
Negative;-0.279705936718253
Negative;-0.471023094181618
Negative;-0.0766005439736937
Negative;-0.015222304751346
Negative;-0.188551818501737
Negative;-0.0861042131954668
Negative;-0.0279416097034734
Negative;-0.368977296672746
Negative;-0.176848685874597
Negative;-0.159557511591069
Negative;-0.166941631839205
Negative;-0.136070967896088
Negative;-0.267480574320612
Negative;0.196770405680742
Negative;-0.030097055292914
Negative;-0.131791265495739
Negative;0.0674715519649178
Negative;-0.088458663817202
Negative;-0.123651731609765
Negative;0.354323730574751
Negative;-0.423749303198654
Negative;-0.356089611463403
Negative;0.105052812682044
Negative;0.17696887180231
Negative;-0.305160173241785
Negative;-0.55908702471748
Negative;-0.330072344903297
Negative;0.419869117574136
Negative;-0.088458663817202
Negative;-0.278558247873706
Negative;-0.068863769084697
Negative;-0.22507049302837
Negative;-0.0538776921790893
Negative;-0.259643607079383
Negative;-0.647150955253341
Negative;-0.255005562375067
Negative;-0.384439864849106
Negative;-0.0727074117034124
Negative;-0.294895233109895
Negative;-0.25251631079729
Negative;-0.302108610957277
Negative;-0.240065915531329
Negative;-0.205729836594878
Negative;-0.110671804609373
Negative;-0.138957289635097
Negative;-0.14322052635488
Negative;-0.399924246407751
Negative;-0.506200205975021
Negative;0.136325664876367
Negative;0.0359999519189238
Negative;-0.278558247873706
Negative;0.172616577077679
Negative;-0.321275688962821
Negative;0.0216893788811321
Negative;0.140400867690975
Negative;-0.245727991962384
Negative;0.532081780196038
Negative;-0.382959163645756
Negative;0.415412770786416
Negative;-0.458521928411957
Negative;0.13090348452173
Negative;-0.278666227364188
Negative;-0.279705936718253
Negative;-0.079693161175774
Negative;-0.0565293175318852
Negative;-0.442672840795915
Negative;-0.301722091517594
Negative;0.0812476117308349
Negative;-0.0404917023167083
Negative;-0.506200205975021
Negative;-0.258973497129431
Negative;-0.55908702471748
Negative;-0.297878448898879
Negative;-0.057952228908858
Negative;-0.115262242515378
Negative;-0.545105157744469
Negative;0.16579562697998
Negative;0.0506322389657885
Negative;-0.55908702471748
Negative;-0.0960314723365331
Negative;-0.183592944693035
Negative;0.557307561063444
Negative;-0.170909566593569
Negative;-0.0233627071805758
Negative;-0.367994900122434
Negative;0.0249452090389855
Negative;-0.034368582689592
Negative;-0.252377386994758
Negative;-0.423749303198654
Negative;-0.136440759237436
Negative;0.0634146107082066
Negative;-0.197255033941886
Negative;-0.114132774030275
Negative;-0.213658160981733
Negative;-0.507572927687888
Negative;-0.209814518363018
Negative;-0.165423591513135
Negative;-0.419508997152026
Negative;-0.458521928411957
Negative;-0.55908702471748
Negative;-0.0605240737518084
Negative;-0.420989698355375
Negative;-0.278558247873706
Negative;-0.423749303198654
Negative;-0.472503795384967
Negative;-0.157066157500096
Negative;-0.204883416001821
Negative;-0.416193776603052
Negative;-0.55908702471748
Negative;-0.419508997152026
Negative;0.0197032011432516
Negative;-0.404154408466149
Negative;-0.418136275439159
Negative;-0.442672840795915
Negative;-0.647150955253341
Negative;0.335409089780428
Negative;-0.366622178409567
Negative;-0.506200205975021
Negative;-0.55908702471748
Negative;-0.172687442527979
Negative;-0.00727197104414663
Negative;-0.560567725920829
Negative;-0.335685372662792
Negative;-0.55908702471748
Negative;-0.457041227208607
Negative;-0.507572927687888
Negative;-0.335685372662792
Negative;-0.252377386994758
Negative;-0.342499809496103
Negative;-0.174629144188518
Negative;-0.212004968656603
Negative;-0.246009526128199
Negative;-0.159557511591069
Negative;-0.55908702471748
Negative;-0.366622178409567
Negative;0.311306107644472
Negative;-0.041699791927989
Negative;-0.277185526160838
Negative;-0.507572927687888
Negative;-0.419508997152026
Negative;-0.55908702471748
Negative;-0.442672840795915
Negative;-0.55908702471748
Negative;-0.442672840795915
Negative;-0.55908702471748
Negative;-0.55908702471748
Negative;-0.419508997152026
Negative;-0.55908702471748
Negative;-0.211715662145626
Negative;-0.354995429699735
Negative;-0.132227325277373
Negative;0.0348522630743766
Negative;-0.471023094181618
Negative;-0.472503795384967
Negative;-0.335685372662792
Negative;-0.471023094181618
Negative;-0.335685372662792
Negative;0.0229280014272103
Negative;-0.26950638213089
Negative;0.0748136477670175
Negative;-0.233110584321144
Negative;-0.370341756004516
Negative;-0.442672840795915
Negative;-0.196107345097339
Negative;-0.507572927687888
Negative;-0.507572927687888
Negative;-0.208472275039206
Negative;-0.189121595624977
Negative;-0.442672840795915
HIV-2 avir;0.52284311415627
HIV-2 avir;0.222097908286995
HIV-2 avir;0.0232848432193039
HIV-2 avir;0.952775571731657
HIV-2 avir;0.152964276777965
HIV-2 avir;0.325917402850101
HIV-2 avir;0.077385492609968
HIV-2 avir;-0.243489115570785
HIV-2 avir;0.0472372036442635
HIV-2 avir;0.24929921102509
HIV-2 avir;-0.0574911290462022
HIV-2 avir;0.0732902425787745
HIV-2 avir;-0.0239349523766814
HIV-2 avir;0.10369610980661
HIV-2 avir;-0.184544322269792
HIV-2 avir;-0.279705936718253
HIV-2 avir;0.191650251286907
HIV-2 avir;-0.0466654746269967
HIV-2 avir;0.512645136958924
HIV-2 avir;-0.301722091517594
HIV-2 avir;-0.471023094181618
HIV-2 avir;0.394778645720633
HIV-2 avir;0.137720999450091
HIV-2 avir;0.319381620308531
HIV-2 avir;-0.131657503527334
HIV-2 avir;1.20562679157005
HIV-2 avir;0.436006487825613
HIV-2 avir;-0.0188085598761689
HIV-2 avir;-0.117184093945077
HIV-2 avir;0.027101590502249
HIV-2 avir;-0.172053160090499
HIV-2 avir;0.131664653926595
HIV-2 avir;0.167762675885753
HIV-2 avir;0.06767721481928
HIV-2 avir;0.155110089614657
HIV-2 avir;0.212001975067634
HIV-2 avir;0.185779605805282
HIV-2 avir;-0.230763728439062
HIV-2 avir;-0.0439620995547503
HIV-2 avir;-0.0742029945914961
HIV-2 avir;0.0572628318826232
HIV-2 avir;0.812772160572788
HIV-2 avir;-0.331553046106647
HIV-2 avir;0.501938860616049
HIV-2 avir;0.066557404669437
HIV-2 avir;0.183475641380903
HIV-2 avir;0.113919345448309
HIV-2 avir;0.0959844545739814
HIV-2 avir;-0.0476010692234169
HIV-2 avir;-0.0325149281089031
HIV-2 avir;-0.471023094181618
HIV-2 avir;0.118621664259757
HIV-2 avir;-0.0325149281089031
HIV-2 avir;-0.156854391373481
HIV-2 avir;-0.0130046476881792
HIV-2 avir;-0.334406469022863
HIV-2 avir;0.389009222532621
HIV-2 avir;0.0449192769417874
HIV-2 avir;0.183016603303891
HIV-2 avir;0.153319568946234
HIV-2 avir;-0.182953403749616
HIV-2 avir;0.0375014589057461
HIV-2 avir;0.450329444641967
HIV-2 avir;-0.258973497129431
HIV-2 avir;-0.55908702471748
HIV-2 avir;-0.252949632190864
HIV-2 avir;0.401049763576142
HIV-2 avir;-0.0679692399041245
HIV-2 avir;0.784709455306412
HIV-2 avir;-0.00736207638437474
HIV-2 avir;0.118644994406618
HIV-2 avir;-0.443059360235597
HIV-2 avir;0.00718657524635545
HIV-2 avir;-0.145575644618058
HIV-2 avir;-0.55908702471748
HIV-2 avir;-0.264576380900695
HIV-2 avir;-0.318943900846503
HIV-2 avir;-0.034368582689592
HIV-2 avir;-0.131207258205366
HIV-2 avir;-0.418136275439159
HIV-2 avir;-0.228026547394425
HIV-2 avir;-0.225671429131247
HIV-2 avir;0.0544748199302797
HIV-2 avir;-0.366622178409567
HIV-2 avir;-0.176620429855316
HIV-2 avir;0.0359728878951246
HIV-2 avir;0.0969596750911887
HIV-2 avir;0.0219023910111302
HIV-2 avir;-0.323673430437848
HIV-2 avir;-0.335272623701595
HIV-2 avir;-0.156927699620559
HIV-2 avir;0.36032862286873
HIV-2 avir;-0.419616976642508
HIV-2 avir;-0.55908702471748
HIV-2 avir;-0.443608435392335
HIV-2 avir;0.0192084238322619
HIV-2 avir;-0.23363957515392
HIV-2 avir;-0.0623754237729191
HIV-2 avir;0.399982968388183
HIV-2 avir;-0.0586522364833239
HIV-2 avir;0.137881596266169
HIV-2 avir;-0.366622178409567
HIV-2 avir;-0.277185526160838
HIV-2 avir;0.198559573814567
HIV-2 avir;0.104549645117774
HIV-2 avir;0.170047272789158
HIV-2 avir;0.361771193668717
HIV-2 avir;-0.473984496588317
HIV-2 avir;-0.0152433196057691
HIV-2 avir;0.544626151255087
HIV-2 avir;-0.545105157744469
HIV-2 avir;0.34463704275167
HIV-2 avir;-0.287192911533556
HIV-2 avir;0.217094734970803
HIV-2 avir;-0.177993151568183
HIV-2 avir;-0.0958166302412225
HIV-2 avir;-0.109249422057495
HIV-2 avir;0.480221479808804
HIV-2 avir;-0.24762144212693
HIV-2 avir;0.295154310742627
HIV-2 avir;-0.330072344903297
HIV-2 avir;-0.0273314055152964
HIV-2 avir;0.240649821662026
HIV-2 avir;-0.322144020516443
HIV-2 avir;0.0999823676441204
HIV-2 avir;1.0553096907181
HIV-2 avir;0.135249639315333
HIV-2 avir;-0.1698142836989
HIV-2 avir;-0.211295219566367
HIV-2 avir;-0.254043813954531
HIV-2 avir;-0.186025023473142
HIV-2 avir;-0.232360671513991
HIV-2 avir;0.268662156951595
HIV-2 avir;0.193878752941278
HIV-2 avir;-0.000723426698689701
HIV-2 avir;-0.0769522415627857
HIV-2 avir;-0.119672908382176
HIV-2 avir;-0.147496860648069
HIV-2 avir;0.000700549613328441
HIV-2 avir;-0.370457997876095
HIV-2 avir;0.00650354871705613
HIV-2 avir;0.279748970789299
HIV-2 avir;0.0699881368118382
HIV-2 avir;0.00109148519223942
HIV-2 avir;-0.100954312316633
HIV-2 avir;-0.331445066616165
HIV-2 avir;-0.3652494566967
HIV-2 avir;0.335913887861009
HIV-2 avir;0.0286497649363175
HIV-2 avir;0.694678634973609
HIV-2 avir;-0.176512450364834
HIV-2 avir;0.247609362622631
HIV-2 avir;0.731369463086834
HIV-2 avir;0.00357732201298145
HIV-2 avir;-0.244969816774134
HIV-2 avir;0.209030569070567
HIV-2 avir;0.142473339502268
HIV-2 avir;-0.0703444702880464
HIV-2 avir;-0.0953359015800083
HIV-2 avir;-0.0450105483125357
HIV-2 avir;0.317008449825099
HIV-2 avir;-0.442672840795915
HIV-2 avir;-0.560567725920829
HIV-2 avir;-0.357025206059823
HIV-2 avir;0.10422704832555
HIV-2 avir;-0.280038949077055
HIV-2 avir;-0.122432513225454
HIV-2 avir;0.393615244503283
HIV-2 avir;0.116215320384878
HIV-2 avir;-0.509919783569969
HIV-2 avir;0.00508831888158602
HIV-2 avir;-0.11802274785111
HIV-2 avir;-0.334073456664061
HIV-2 avir;-0.144593248067747
HIV-2 avir;-0.0538776921790893
HIV-2 avir;-0.24762144212693
HIV-2 avir;-0.647150955253341
HIV-2 avir;-0.109524115764826
HIV-2 avir;0.197253051098665
HIV-2 avir;0.222945566917881
HIV-2 avir;-0.242008414367436
HIV-2 avir;-0.125594230445871
HIV-2 avir;-0.0535446798202871
HIV-2 avir;0.0143365474084765
HIV-2 avir;0.11764408626128
HIV-2 avir;0.126861581727986
HIV-2 avir;-0.442672840795915
HIV-2 avir;-0.419616976642508
HIV-2 avir;-0.507572927687888
HIV-2 avir;0.161188880820401
HIV-2 avir;-0.442672840795915
HIV-2 avir;-0.332925767819514
HIV-2 avir;0.0414474865694101
HIV-2 avir;-0.301722091517594
HIV-2 avir;-0.418136275439159
HIV-2 avir;-0.0106784379258936
HIV-2 avir;-0.419508997152026
HIV-2 avir;-0.205268637812731
HIV-2 avir;0.347669230967452
HIV-2 avir;-0.506200205975021
HIV-2 avir;0.357727823887535
HIV-2 avir;-0.008259644166639
HIV-2 avir;0.0388573297848951
HIV-2 avir;-0.119174603729138
HIV-2 avir;0.54337793945079
HIV-2 avir;-0.215138862185082
HIV-2 avir;0.0579668752429476
HIV-2 avir;0.133541495152956
HIV-2 avir;-0.167274644198008
HIV-2 avir;0.359630464769371
HIV-2 avir;0.129153800030009
HIV-2 avir;-0.442672840795915
HIV-2 avir;-0.058725544730402
HIV-2 avir;-0.131593777645048
HIV-2 avir;-0.213658160981733
HIV-2 avir;-0.420989698355375
HIV-2 avir;-0.420656685996573
HIV-2 avir;-0.15265613894626
HIV-2 avir;-0.506200205975021
HIV-2 avir;-0.471023094181618
HIV-2 avir;-0.0108714707315572
HIV-2 avir;-0.384439864849106
HIV-2 avir;0.128620232348635
HIV-2 avir;-0.399924246407751
HIV-2 avir;-0.123552323375297
HIV-2 avir;-0.366622178409567
HIV-2 avir;0.0243240474311727
HIV-2 avir;0.16738061447041
HIV-2 avir;-0.647150955253341
HIV-2 avir;-0.159557511591069
HIV-2 avir;-0.340627043287043
HIV-2 avir;-0.0108714707315572
HIV-2 avir;-0.136070967896088
HIV-2 avir;-0.0108714707315572
HIV-2 avir;-0.1803249396845
HIV-2 avir;-0.258973497129431
HIV-2 avir;-0.191642006182391
HIV-2 avir;0.142508658821317
HIV-2 avir;-0.0159551369599524
HIV-2 avir;-0.204883416001821
HIV-2 avir;-0.258973497129431
HIV-2 avir;0.0617400356161746
HIV-2 avir;0.108485620343642
HIV-2 avir;0.109268878024412
HIV-2 avir;0.0525476590017225
HIV-2 avir;-0.399924246407751
HIV-2 avir;0.123955902964303
HIV-2 avir;-0.368977296672746
HIV-2 avir;-0.156025532712063
HIV-2 avir;0.0800153045804782
HIV-2 avir;-0.175139728651967
HIV-2 avir;-0.419508997152026
HIV-2 avir;-0.418136275439159
HIV-2 avir;-0.181193271238122
HIV-2 avir;-0.280905103755787
HIV-2 avir;-0.0108714707315572
HIV-2 avir;-0.342499809496103
HIV-2 avir;-0.0422526774585883
HIV-2 avir;-0.133030225240201
HIV-2 avir;0.0706795872373523
HIV-2 avir;-0.242008414367436
HIV-2 avir;0.0416889228915561
HIV-2 avir;-0.28107865843112
HIV-2 avir;0.130695562445189
HIV-2 avir;-0.228026547394425
HIV-2 avir;0.160322637355558
HIV-2 avir;-0.647150955253341
HIV-2 avir;-0.15265613894626
HIV-2 avir;-0.442672840795915
HIV-2 avir;-0.176522594353064
HIV-2 avir;0.0303580304982651
HIV-2 avir;-0.191642006182391
HIV-2 avir;0.552117313414246
HIV-2 avir;0.0589815462491133
HIV-2 avir;0.0100345083451221
HIV-2 avir;-0.041699791927989
HIV-2 avir;-0.382959163645756
HIV-2 avir;0.0402686904939618
HIV-2 avir;-0.366622178409567
HIV-2 avir;0.0546692519391029
HIV-2 avir;0.222542944792758
HIV-2 avir;-0.280905103755787
HIV-2 avir;-0.366622178409567
HIV-2 avir;-0.203395871603671
HIV-2 avir;-0.00598935467150765
HIV-2 avir;-0.0580100187352345
HIV-2 avir;-0.420989698355375
HIV-2 avir;-0.109524115764826
HIV-2 avir;-0.472503795384967
HIV-2 avir;-0.129595342206635
HIV-2 avir;-0.24910214333028
HIV-2 avir;-0.180348269831362
HIV-2 avir;-0.153568877526818
HIV-2 avir;-0.24910214333028
HIV-2 avir;-0.296375934313244
HIV-2 avir;-0.472503795384967
HIV-2 avir;0.249735501342723
HIV-2 avir;-0.117903868113268
HIV-2 avir;0.488919278450151
HIV-2 avir;-0.038188605790643
HIV-2 avir;0.152720017920685
HIV-2 avir;-0.168210497429171
HIV-2 avir;-0.383366395336723
HIV-2 avir;0.197026025722986
HIV-2 avir;-0.506200205975021
HIV-2 avir;-0.213971372174337
HIV-2 avir;-0.0456919811150062
HIV-2 avir;-0.317463199643154
HIV-2 avir;0.156162156697436
HIV-2 avir;0.0665291062896858
HIV-2 avir;-0.507572927687888
HIV-2 avir;0.274480508296035
HIV-2 avir;0.0429896563410403
HIV-2 avir;-0.285355469746932
HIV-2 avir;-0.278666227364188
HIV-2 avir;-0.0591513520389413
HIV-2 avir;-0.531672365928197
HIV-2 avir;-0.207238534264999
HIV-2 avir;-0.193455719744543
HIV-2 avir;0.113157486481948
HIV-2 avir;-0.15619406888409
HIV-2 avir;-0.2841712756332
HIV-2 avir;-0.322144020516443
HIV-2 avir;-0.55908702471748
HIV-2 avir;0.0079205240381198
HIV-2 avir;-0.131657503527334
HIV-2 avir;-0.442672840795915
HIV-2 avir;-0.171514950244635
HIV-2 avir;-0.0650190253349801
HIV-2 avir;-0.118300186669308
HIV-2 avir;-0.472503795384967
HIV-2 avir;0.201368642949828
HIV-2 avir;0.426354186591124
HIV-2 avir;0.379642510478322
HIV-2 avir;-0.046305404083524
HIV-2 avir;-0.162981242206714
HIV-2 avir;-0.333791922498246
HIV-2 avir;0.163471040749467
HIV-2 avir;-0.398828963513082
HIV-2 avir;0.100704901368057
HIV-2 avir;-0.266931499163874
HIV-2 avir;-0.390721616649876
HIV-2 avir;0.484519176896282
HIV-2 avir;-0.27192267793066
HIV-2 avir;-0.0713718219133971
HIV-2 avir;-0.187312522287983
HIV-2 avir;0.426275389169253
HIV-2 avir;-0.647150955253341
HIV-2 avir;0.224106957833553
HIV-2 avir;-0.333791922498246
HIV-2 avir;-0.458521928411957
HIV-2 avir;-0.410207951052304
HIV-2 avir;-0.55908702471748
HIV-2 avir;-0.560567725920829
HIV-2 avir;-0.507572927687888
HIV-2 avir;-0.216178571539147
HIV-2 avir;-0.156872126079955
HIV-2 avir;-0.323624721719792
HIV-2 avir;0.0717469446525375
HIV-2 avir;-0.148977561851418
HIV-2 avir;-0.472503795384967
HIV-2 avir;-0.115718460507491
HIV-2 avir;-0.162530583391823
HIV-2 avir;-0.0763572907459295
HIV-2 avir;0.22964405395698
HIV-2 avir;-0.256397513031412
HIV-2 avir;0.485274462098419
HIV-2 avir;0.433348104056263
HIV-2 avir;0.433642397969634
HIV-2 avir;-0.156905886238273
HIV-2 avir;-0.324543693971355
HIV-2 avir;0.546787453554854
HIV-2 avir;0.369524283254769
HIV-2 avir;-0.0560157436598563
HIV-2 avir;-0.647150955253341
HIV-2 avir;0.0695308693999689
HIV-2 avir;0.730057261991262
HIV-2 avir;-0.283425514313201
HIV-2 avir;-0.165793942994658
HIV-2 avir;0.021277840896145
HIV-2 avir;0.0513484919641882
HIV-2 avir;0.257659213000475
HIV-2 avir;0.0714168702436714
HIV-2 avir;0.276137952834082
HIV-2 avir;-0.169333350831078
HIV-2 avir;0.192681193117679
HIV-2 avir;0.0476283757703962
HIV-2 avir;0.550291037916773
HIV-2 avir;0.183486825740901
HIV-2 avir;-0.0153853598367128
HIV-2 avir;-0.319810055525236
HIV-2 avir;0.229169590452614
HIV-2 avir;0.359666165005611
HIV-2 avir;-0.258973497129431
HIV-2 avir;-0.218576943909273
HIV-2 avir;-0.280038949077055
HIV-2 avir;0.0200479915098179
HIV-2 avir;-0.079693161175774
HIV-2 avir;-0.560567725920829
HIV-2 avir;0.227590480535191
HIV-2 avir;-0.392094338362743
HIV-2 avir;0.325663796373326
HIV-2 avir;-0.015294248521316
HIV-2 avir;-0.545105157744469
HIV-2 avir;-0.507572927687888
HIV-2 avir;-0.471023094181618
HIV-2 avir;-0.0507901979328268
HIV-2 avir;-0.0111975622530902
HIV-2 avir;-0.647150955253341
HIV-2 avir;-0.321275688962821
HIV-2 avir;0.394280999474991
HIV-2 avir;-0.258973497129431
HIV-2 avir;0.0612016853724482
HIV-2 avir;-0.293245222681241
HIV-2 avir;-0.201435535161272
HIV-2 avir;-0.299337336719943
HIV-2 avir;-0.294895233109895
HIV-2 avir;-0.258098179577147
HIV-2 avir;-0.106257943887413
HIV-2 avir;-0.0619393639912849
HIV-2 avir;-0.367994900122434
HIV-2 avir;0.260938134672908
HIV-2 avir;0.309580467481423
HIV-2 avir;-0.647150955253341
HIV-2 avir;-0.205181292145379
HIV-2 avir;0.510526549021134
HIV-2 avir;-0.00254415852596576
HIV-2 avir;-0.506200205975021
HIV-2 avir;0.0941575425662992
HIV-2 avir;-0.0229525558263698
HIV-2 avir;0.573848860453183
HIV-2 avir;-0.121742325446059
HIV-2 avir;-0.481499831631835
HIV-2 avir;-0.131207258205366
HIV-2 avir;0.153519986998211
HIV-2 avir;-0.0669212702485903
HIV-2 avir;0.171747181050261
HIV-2 avir;0.0149293770154817
HIV-2 avir;-0.442672840795915
HIV-2 avir;-0.330072344903297
HIV-2 avir;-0.418136275439159
HIV-2 avir;-0.385920566052455
HIV-2 avir;-0.445089136595684
HIV-2 avir;-0.321275688962821
HIV-2 avir;-0.234707527396073
HIV-2 avir;0.149817005081149
HIV-2 avir;-0.507572927687888
HIV-2 avir;-0.385920566052455
HIV-2 avir;0.108932477955396
HIV-2 avir;-0.392094338362743
HIV-2 avir;0.0184358410467034
HIV-2 avir;-0.209792704980732
HIV-2 avir;-0.560567725920829
HIV-2 avir;-0.647150955253341
HIV-2 avir;-0.647150955253341
HIV-2 avir;-0.647150955253341
HIV-2 avir;-0.393435901095973
HIV-2 avir;-0.560567725920829
HIV-2 avir;0.312427683121808
HIV-2 avir;-0.55908702471748
HIV-2 avir;-0.647150955253341
HIV-2 avir;-0.647150955253341
HIV-2 avir;-0.647150955253341
HIV-2 avir;-0.507572927687888
HIV-2 avir;-0.370341756004516
HIV-2 avir;-0.36993360352045
HIV-2 avir;0.204257135951961
HIV-2 avir;-0.509919783569969
HIV-2 avir;-0.0161154082217758
HIV-2 avir;-0.647150955253341
HIV-2 avir;0.0434894613313841
HIV-2 avir;-0.277021717174409
HIV-2 avir;-0.299337336719943
HIV-2 avir;-0.647150955253341
HIV-2 avir;-0.399924246407751
HIV-2 avir;-0.117225391232355
HIV-2 avir;-0.647150955253341
HIV-2 avir;-0.0149938679670599
HIV-2 avir;-0.647150955253341
HIV-2 avir;-0.506200205975021
HIV-2 avir;-0.00125609201248564
HIV-2 avir;-0.647150955253341
HIV-2 avir;-0.191642006182391
HIV-2 avir;-0.545105157744469
HIV-2 avir;-0.249770867371556
HIV-2 avir;-0.418136275439159
HIV-2 avir;-0.545105157744469
HIV-2 avir;-0.55908702471748
HIV-2 avir;-0.421855853034107
HIV-2 avir;-0.333033747309996
HIV-2 avir;-0.20033716162019
HIV-2 avir;0.215860863660109
HIV-2 avir;-0.647150955253341
HIV-2 avir;-0.359527693187593
HIV-2 avir;-0.326754934506394
HIV-2 avir;-0.647150955253341
HIV-2 avir;-0.200971054788061
HIV-2 avir;-0.0994299544618323
HIV-2 avir;-0.382959163645756
HIV-2 avir;-0.419616976642508
HIV-2 avir;-0.0120557881485375
HIV-2 avir;-0.337166073866141
HIV-2 avir;-0.506200205975021
HIV-2 avir;-0.531672365928197
HIV-2 avir;-0.0827184939387676
HIV-2 avir;-0.647150955253341
HIV-2 avir;-0.224709136997522
HIV-2 avir;-0.471023094181618
HIV-2 avir;0.0423025095031673
HIV-2 avir;-0.129032312170062
HIV-2 avir;-0.301722091517594
HIV-2 avir;-0.305371970560112
HIV-2 avir;-0.560567725920829
HIV-2 avir;-0.442672840795915
HIV-2 avir;-0.281411670789922
HIV-2 avir;-0.647150955253341
HIV-2 avir;-0.423749303198654
HIV-2 avir;0.0117066397899321
HIV-2 avir;0.123114418801882
HIV-2 avir;-0.0752278222608266
HIV-2 avir;0.141400755409221
HIV-2 avir;0.460546399981861
HIV-2 avir;-0.418136275439159
HIV-2 avir;-0.418136275439159
HIV-2 avir;-0.0239742402455387
HIV-2 avir;-0.647150955253341
HIV-2 avir;-0.159759309154489
HIV-2 avir;-0.0761634168572468
HIV-2 avir;-0.156431430543344
HIV-2 avir;-0.298470597915303
HIV-2 avir;-0.0114661953820753
HIV-2 avir;-0.235560791183931
HIV-2 avir;-0.335685372662792
HIV-2 avir;-0.471023094181618
HIV-2 avir;-0.26950638213089
HIV-2 avir;0.00860609891311393
HIV-2 avir;-0.10687249041203
HIV-2 avir;-0.0720217290548342
HIV-2 avir;-0.418136275439159
HIV-2 avir;-0.305371970560112
HIV-2 avir;-0.418136275439159
HIV-2 avir;0.0983796282534823
HIV-2 avir;-0.0775182151404699
HIV-2 avir;-0.0656601606525507
HIV-2 avir;-0.27306176178807
HIV-2 avir;-0.471023094181618
HIV-2 avir;0.839350100411784
HIV-2 avir;-0.354995429699735
HIV-2 avir;-0.266931499163874
HIV-2 avir;-0.418136275439159
HIV-2 avir;-0.156464894388988
HIV-2 avir;-0.0880459148560053
HIV-2 avir;0.198938209557263
HIV-2 avir;-0.55908702471748
HIV-2 avir;-0.418136275439159
HIV-2 avir;-0.418136275439159
HIV-2 avir;-0.16590192248514
HIV-2 avir;-0.366622178409567
HIV-2 avir;0.0148878507138846
HIV-2 avir;-0.55908702471748
HIV-2 avir;-0.55908702471748
HIV-2 avir;-0.332592755460712
HIV-2 avir;-0.299337336719943
HIV-2 avir;-0.55908702471748
HIV-2 avir;-0.103449290372574
HIV-2 avir;-0.280905103755787
HIV-2 avir;-0.419508997152026
HIV-2 avir;-0.0894048266766763
HIV-2 avir;-0.55908702471748
HIV-2 avir;-0.227044150844114
HIV-2 avir;-0.231809519972723
HIV-2 avir;-0.0449694933949636
HIV-2 avir;-0.305441669112543
HIV-2 avir;-0.385920566052455
HIV-2 avir;-0.55908702471748
HIV-2 avir;-0.55908702471748
HIV-2 avir;-0.163388244963279
HIV-2 avir;-0.184044517279449
HIV-2 avir;0.101265645918851
HIV-2 avir;-0.287993860465086
HIV-2 avir;0.132848046263593
HIV-2 avir;-0.471023094181618
HIV-2 avir;-0.217764258016363
HIV-2 avir;-0.15265613894626
HIV-2 avir;-0.471023094181618
HIV-2 avir;-0.397348262309733
HIV-2 avir;-0.421855853034107
HIV-2 avir;-0.139656570238939
HIV-2 avir;-0.0588761734139666
HIV-2 avir;-0.335685372662792
HIV-2 avir;-0.19845420097942
HIV-2 avir;-0.382959163645756
HIV-2 avir;-0.507572927687888
HIV-2 avir;-0.107066010806609
HIV-2 avir;-0.270629923486851
HIV-2 avir;-0.146940103949828
HIV-2 avir;-0.370341756004516
HIV-2 avir;-0.192870147852307
HIV-2 avir;-0.149805362856288
HIV-2 avir;-0.442672840795915
HIV-2 avir;-0.238185484000005
HIV-2 avir;-0.303094813230462
HIV-2 avir;0.311422524786774
HIV-2 avir;-0.507572927687888
HIV-2 avir;-0.507572927687888
HIV-2 avir;-0.10667069284861
HIV-2 avir;-0.384439864849106
HIV-2 avir;-0.209792704980732
HIV-2 avir;-0.067087403625845
HIV-2 avir;-0.178888280879296
HIV-2 avir;-0.303481332670144
HIV-2 avir;0.00383310783394618
HIV-2 avir;-0.21730804002425
HIV-2 avir;-0.155425185034924
HIV-2 avir;-0.354608910260053
HIV-2 avir;0.0725832492708376
HIV-2 avir;0.105552857178237
HIV-2 avir;0.356160177932837
HIV-2 avir;0.0622354996988361
HIV-2 avir;0.148598763688963
HIV-2 avir;-0.420989698355375
HIV-2 avir;0.371089472180772
HIV-2 avir;0.281324393064274
HIV-2 avir;-0.0066313793525172
HIV-2 avir;0.391203792096597
HIV-2 avir;-0.332925767819514
HIV-2 avir;-0.419508997152026
HIV-2 avir;-0.149286959831909
HIV-2 avir;0.14042379836413
HIV-2 avir;0.125844463801915
HIV-2 avir;0.239073827994424
HIV-2 avir;0.0435050973392922
HIV-2 avir;-0.506200205975021
HIV-2 avir;0.366812099500034
HIV-2 avir;0.336347423151323
HIV-2 avir;0.122457483726285
HIV-2 avir;-0.316090477930287
HIV-2 avir;1.02700666125269
HIV-2 avir;0.584627777769585
HIV-2 avir;0.0208851697643912
HIV-2 avir;-0.168967067757462
HIV-2 avir;0.0891546944054573
HIV-2 avir;0.235525707307824
HIV-2 avir;-0.200971054788061
HIV-2 avir;-0.0935387923209906
HIV-2 avir;0.0547799470483565
HIV-2 avir;0.588823237894108
HIV-2 avir;-0.268961275523961
HIV-2 avir;-0.0121967347137644
HIV-2 avir;-0.308270713873509
HIV-2 avir;-0.313341017075239
HIV-2 avir;-0.0773625838947811
HIV-2 avir;-0.506200205975021
HIV-2 avir;-0.268025680927541
HIV-2 avir;-0.222701102441359
HIV-2 avir;-0.647150955253341
HIV-2 avir;0.0222578914772583
HIV-2 avir;-0.356089611463403
HIV-2 avir;-0.183592944693035
HIV-2 avir;-0.25385787353052
HIV-2 avir;-0.0415314116707732
HIV-2 avir;-0.506200205975021
HIV-2 avir;-0.050859455877713
HIV-2 avir;-0.297878448898879
HIV-2 avir;-0.647150955253341
HIV-2 avir;-0.180028988577094
HIV-2 avir;0.291233098441523
HIV-2 avir;-0.215138862185082
HIV-2 avir;-0.244969816774134
HIV-2 avir;-0.36993360352045
HIV-2 avir;0.0329491438752916
HIV-2 avir;-0.55908702471748
HIV-2 avir;-0.471023094181618
HIV-2 avir;-0.423336554237457
HIV-2 avir;-0.399924246407751
HIV-2 avir;0.128863772756917
HIV-2 avir;-0.420989698355375
HIV-2 avir;-0.419508997152026
HIV-2 avir;-0.260579201675803
HIV-2 avir;0.161183596901266
HIV-2 avir;-0.442672840795915
HIV-2 avir;-0.55908702471748
HIV-2 avir;-0.382959163645756
HIV-2 avir;-0.418136275439159
HIV-2 avir;-0.204883416001821
HIV-2 avir;-0.507572927687888
HIV-2 avir;-0.330072344903297
HIV-2 avir;-0.335685372662792
HIV-2 avir;-0.367994900122434
HIV-2 avir;-0.471023094181618
HIV-2 avir;-0.355544504856474
HIV-2 avir;-0.55908702471748
HIV-2 avir;-0.471023094181618
HIV-2 avir;-0.162804931563609
HIV-2 avir;0.0647371093083416
HIV-2 avir;-0.230879970310642
HIV-2 avir;-0.0955422487918159
HIV-2 avir;-0.213658160981733
HIV-2 avir;-0.165582145676331
HIV-2 avir;-0.301722091517594
HIV-2 avir;1.23752831121522
HIV-2 avir;-0.507572927687888
HIV-2 avir;-0.260579201675803
HIV-2 avir;0.217473099132673
HIV-2 avir;0.0121064324883207
HIV-2 avir;-0.342499809496103
HIV-2 avir;-0.354608910260053
HIV-2 avir;-0.137006562492508
HIV-2 avir;-0.506200205975021
HIV-2 avir;-0.399924246407751
HIV-2 avir;-0.119098157441415
HIV-2 avir;-0.0196965279371866
HIV-2 avir;-0.00506541016639911
HIV-2 avir;-0.242008414367436
HIV-2 avir;-0.0445173753069412
HIV-2 avir;0.0471110893176615
HIV-2 avir;-0.647150955253341
HIV-2 avir;0.00437601314016434
HIV-2 avir;0.13971373465899
HIV-2 avir;0.561052978498467
HIV-2 avir;-0.219271188741227
HIV-2 avir;-0.423749303198654
HIV-2 avir;-0.485412192845595
HIV-2 avir;-0.399924246407751
HIV-2 avir;0.217479007530524
HIV-2 avir;0.138035605439566
HIV-2 avir;-0.182399859573735
HIV-2 avir;-0.337166073866141
HIV-2 avir;-0.0179418210715286
HIV-2 avir;-0.301722091517594
HIV-2 avir;-0.0929936857140615
HIV-2 avir;0.0265629238227719
HIV-2 avir;-0.0610440050279192
HIV-2 avir;-0.305511109030231
HIV-2 avir;-0.258973497129431
HIV-2 avir;-0.0579513878258389
HIV-2 avir;-0.399924246407751
HIV-2 avir;-0.418136275439159
HIV-2 avir;-0.464121721536809
HIV-2 avir;-0.106426477530334
HIV-2 avir;-0.376057791000947
HIV-2 avir;0.0501263989348857
HIV-2 avir;-0.139962616858564
HIV-2 avir;-0.144593248067747
HIV-2 avir;0.125263889556547
HIV-2 avir;-0.2841712756332
HIV-2 avir;-0.0860934015657933
HIV-2 avir;-0.0899777569755434
HIV-2 avir;-0.280913366136884
HIV-2 avir;-0.117225391232355
HIV-2 avir;-0.201549060217782
HIV-2 avir;-0.277021717174409
HIV-2 avir;-0.034368582689592
HIV-2 avir;-0.472503795384967
HIV-2 avir;-0.55908702471748
HIV-2 avir;-0.321275688962821
HIV-2 avir;-0.382959163645756
HIV-2 avir;0.0275690006646805
HIV-2 avir;-0.368977296672746
HIV-2 avir;-0.278558247873706
HIV-2 avir;-0.0898129791607418
HIV-2 avir;-0.301722091517594
HIV-2 avir;-0.0908243503434348
HIV-2 avir;-0.301722091517594
HIV-2 avir;-0.471023094181618
HIV-2 avir;-0.366622178409567
HIV-2 avir;0.178862901746715
HIV-2 avir;-0.366622178409567
HIV-2 avir;-0.259643607079383
HIV-2 avir;-0.507572927687888
HIV-2 avir;-0.185948062956214
HIV-2 avir;-0.139962616858564
HIV-2 avir;-0.384439864849106
HIV-2 avir;-0.418136275439159
HIV-2 avir;-0.313341017075239
HIV-2 avir;-0.139656570238939
HIV-2 avir;0.0384359856487855
HIV-2 avir;-0.507572927687888
HIV-2 avir;-0.16543477681174
HIV-2 avir;-0.239516840374591
HIV-2 avir;0.29759189617761
HIV-2 avir;-0.0860934015657933
HIV-2 avir;-0.2841712756332
HIV-2 avir;-0.327194251470771
HIV-2 avir;-0.316017169683209
HIV-2 avir;-0.0647790873165578
HIV-2 avir;-0.0250291341403486
HIV-2 avir;-0.189121595624977
HIV-2 avir;-0.132142852801786
HIV-2 avir;-0.227044150844114
HIV-2 avir;0.149803751484449
HIV-2 avir;-0.471023094181618
HIV-2 avir;0.150381929803448
HIV-2 avir;-0.28107865843112
HIV-2 avir;-0.647150955253341
HIV-2 avir;-0.225671429131247
HIV-2 avir;-0.160771342239274
HIV-2 avir;-0.376057791000947
HIV-2 avir;-0.376057791000947
HIV-2 avir;-0.507572927687888
HIV-2 avir;-0.506200205975021
HIV-2 avir;-0.217114166135567
HIV-2 avir;-0.647150955253341
HIV-2 avir;-0.302657686114015
HIV-2 avir;-0.144593248067747
HIV-2 avir;-0.2841712756332
HIV-2 avir;-0.219271188741227
HIV-2 avir;-0.201549060217782
HIV-2 avir;-0.278558247873706
HIV-2 avir;-0.418136275439159
HIV-2 avir;0.14288145661257
HIV-2 avir;-0.506200205975021
HIV-2 avir;-0.366622178409567
HIV-2 avir;-0.0434111443520223
HIV-2 avir;-0.0801434064977418
HIV-2 avir;-0.382959163645756
HIV-2 avir;-0.258973497129431
HIV-2 avir;-0.141500630865666
HIV-2 avir;0.0151314574357531
HIV-2 avir;0.172741421207768
HIV-2 avir;-0.335685372662792
HIV-2 avir;-0.192870147852307
HIV-2 avir;-0.170909566593569
HIV-2 avir;-0.442672840795915
HIV-2 avir;-0.110390270443558
HIV-2 avir;-0.342499809496103
HIV-2 avir;-0.176512450364834
HIV-2 avir;-0.12967917420853
HIV-2 avir;-0.367994900122434
HIV-2 avir;-0.0461047300762029
HIV-2 avir;-0.277185526160838
HIV-2 avir;-0.24452882492485
HIV-2 avir;0.00628748591912029
HIV-2 avir;0.0645040276860624
HIV-2 avir;-0.442672840795915
HIV-2 avir;-0.0589924152855461
HIV-2 avir;-0.196107345097339
HIV-2 avir;-0.176522594353064
HIV-2 avir;-0.213658160981733
HIV-2 avir;0.0809186246387095
HIV-2 avir;-0.193014727895258
HIV-2 avir;-0.397348262309733
HIV-2 avir;-0.28107865843112
HIV-2 avir;-0.00506541016639911
HIV-2 avir;-0.647150955253341
HIV-2 avir;-0.0625630981862607
HIV-2 avir;-0.55908702471748
HIV-2 avir;-0.081970318505424
HIV-2 avir;-0.55908702471748
HIV-2 avir;-0.55908702471748
HIV-2 avir;-0.214044680421415
HIV-2 avir;-0.418136275439159
HIV-2 avir;-0.419508997152026
HIV-2 avir;-0.442672840795915
HIV-2 avir;-0.384439864849106
HIV-2 avir;-0.124998353335242
HIV-2 avir;-0.506200205975021
HIV-2 avir;-0.219271188741227
HIV-2 avir;-0.419508997152026
HIV-2 avir;-0.282798553920333
HIV-2 avir;-0.384439864849106
HIV-2 avir;-0.258973497129431
HIV-2 avir;-0.471023094181618
HIV-2 avir;-0.331445066616165
HIV-2 avir;-0.647150955253341
HIV-2 avir;-0.193014727895258
HIV-2 avir;-0.170909566593569
HIV-2 avir;-0.155724437235408
HIV-2 avir;-0.647150955253341
HIV-2 avir;-0.155425185034924
HIV-2 avir;-0.507572927687888
HIV-2 avir;-0.471023094181618
HIV-2 avir;-0.140460921511602
HIV-2 avir;-0.507572927687888
HIV-2 avir;-0.278558247873706
HIV-2 avir;-0.471023094181618
HIV-2 avir;-0.231809519972723
HIV-2 avir;-0.11802274785111
HIV-2 avir;-0.18717909678887
HIV-2 avir;-0.55908702471748
HIV-2 avir;-0.251143589084423
HIV-2 avir;-0.086070470892638
HIV-2 avir;-0.189121595624977
HIV-2 avir;-0.418136275439159
HIV-2 avir;-0.0744666528559616
HIV-2 avir;0.133326682150438
HIV-2 avir;-0.55908702471748
HIV-2 avir;-0.366622178409567
HIV-2 avir;-0.227021220170959
HIV-2 avir;-0.304030407826882
HIV-2 avir;-0.178867568628012
HIV-2 avir;-0.507572927687888
HIV-2 avir;-0.507572927687888
HIV-2 avir;-0.335685372662792
HIV-2 avir;-0.219271188741227
HIV-2 avir;-0.442672840795915
HIV-2 avir;-0.55908702471748
HIV-2 avir;-0.507572927687888
HIV-2 avir;-0.2841712756332
HIV-2 avir;-0.227044150844114
HIV-2 avir;-0.342499809496103
HIV-2 avir;-0.18624350219245
HIV-2 avir;-0.366622178409567
HIV-2 avir;-0.0012446410819743
HIV-2 avir;-0.219229891453949
HIV-2 avir;0.55133702864635
HIV-2 avir;-0.294895233109895
HIV-2 avir;-0.164490919834222
HIV-2 avir;0.0669367576656991
HIV-2 avir;-0.0899393650205513
HIV-2 avir;-0.278558247873706
HIV-2 avir;-0.55908702471748
HIV-2 avir;-0.405527130179016
HIV-2 avir;0.46991396829879
HIV-2 avir;-0.471023094181618
HIV-2 avir;-0.647150955253341
HIV-2 avir;-0.131207258205366
HIV-2 avir;-0.419508997152026
HIV-2 avir;-0.276243842401562
HIV-2 avir;-0.256397513031412
HIV-2 avir;-0.366622178409567
HIV-2 avir;-0.355544504856474
HIV-2 avir;-0.225671429131247
HIV-2 avir;-0.176522594353064
HIV-2 avir;-0.647150955253341
HIV-2 avir;-0.240065915531329
HIV-2 avir;-0.201549060217782
HIV-2 avir;-0.367994900122434
HIV-2 avir;-0.442672840795915
HIV-2 avir;-0.418136275439159
HIV-2 avir;-0.354608910260053
HIV-2 avir;-0.00275215742647595
HIV-2 avir;-0.647150955253341
HIV-2 avir;-0.167211404265112
HIV-2 avir;-0.190494317337844
HIV-2 avir;-0.219271188741227
HIV-2 avir;-0.531672365928197
HIV-2 avir;-0.55908702471748
HIV-2 avir;0.227944199309282
HIV-2 avir;-0.0575324263334809
HIV-2 avir;-0.342499809496103
HIV-2 avir;-0.366622178409567
HIV-2 avir;-0.19233676567702
HIV-2 avir;-0.507572927687888
HIV-2 avir;-0.55908702471748
HIV-2 avir;-0.419508997152026
HIV-2 avir;-0.305828188552225
HIV-2 avir;-0.531672365928197
HIV-2 avir;-0.340627043287043
HIV-2 avir;-0.507572927687888
HIV-2 avir;-0.471023094181618
HIV-2 avir;-0.471023094181618
HIV-2 avir;-0.382959163645756
HIV-2 avir;-0.418136275439159
HIV-2 avir;-0.190494317337844
HIV-2 avir;-0.356089611463403
HIV-2 avir;-0.399924246407751
HIV-2 avir;-0.277185526160838
HIV-2 avir;-0.647150955253341
HIV-2 avir;-0.111426637716437
HIV-2 avir;-0.258973497129431
HIV-2 avir;-0.301722091517594
HIV-2 avir;-0.0688901148460478
HIV-2 avir;-0.485412192845595
HIV-2 avir;-0.0180345556680822
HIV-2 avir;-0.196107345097339
HIV-2 avir;-0.321703505689782
HIV-2 avir;0.248729369899238
HIV-2 avir;-0.283758526672003
HIV-2 avir;-0.302382959129062
HIV-2 avir;-0.545105157744469
HIV-2 avir;-0.336243194296078
HIV-2 avir;-0.0421192202453664
HIV-2 avir;-0.201549060217782
HIV-2 avir;-0.181193271238122
HIV-2 avir;-0.442672840795915
HIV-2 avir;-0.647150955253341
HIV-2 avir;-0.647150955253341
HIV-2 avir;-0.55908702471748
HIV-2 avir;-0.471023094181618
HIV-2 avir;-0.258973497129431
HIV-2 avir;-0.146242162255235
HIV-2 avir;-0.471023094181618
HIV-2 avir;-0.507572927687888
HIV-2 avir;-0.442672840795915
HIV-2 avir;-0.507572927687888
HIV-2 avir;-0.471023094181618
HIV-2 avir;-0.420989698355375
HIV-2 avir;-0.356089611463403
HIV-2 avir;0.0139364876695181
HIV-2 avir;-0.356089611463403
HIV-2 avir;-0.180348269831362
HIV-2 vir;0.175737709070382
HIV-2 vir;0.553742796922231
HIV-2 vir;0.483578234541195
HIV-2 vir;-0.0196256658833403
HIV-2 vir;0.528481896995668
HIV-2 vir;-0.206256137714688
HIV-2 vir;-0.0215458866340209
HIV-2 vir;0.228276357277833
HIV-2 vir;-0.0769870634133758
HIV-2 vir;-0.316017169683209
HIV-2 vir;-0.55908702471748
HIV-2 vir;-0.397348262309733
HIV-2 vir;0.466925026183054
HIV-2 vir;-0.55908702471748
HIV-2 vir;-0.335685372662792
HIV-2 vir;0.47055621166055
HIV-2 vir;-0.203395871603671
HIV-2 vir;-0.094658750623666
HIV-2 vir;-0.506200205975021
HIV-2 vir;-0.404154408466149
HIV-2 vir;-0.319873450508584
HIV-2 vir;0.249165366234261
HIV-2 vir;-0.220269442430949
HIV-2 vir;0.238004444867871
HIV-2 vir;0.170612681268826
HIV-2 vir;0.233548303783172
HIV-2 vir;-0.647150955253341
HIV-2 vir;-0.092394052775313
HIV-2 vir;-0.55908702471748
HIV-2 vir;-0.311726216705101
HIV-2 vir;-0.224181803644708
HIV-2 vir;-0.0964803917339309
HIV-2 vir;-0.55908702471748
HIV-2 vir;-0.308879750836733
HIV-2 vir;-0.12967917420853
HIV-2 vir;-0.506200205975021
HIV-2 vir;-0.509919783569969
HIV-2 vir;-0.405527130179016
HIV-2 vir;-0.647150955253341
HIV-2 vir;-0.423749303198654
HIV-2 vir;-0.471023094181618
HIV-2 vir;-0.647150955253341
HIV-2 vir;-0.506200205975021
HIV-2 vir;-0.121109153600832
HIV-2 vir;-0.280038949077055
HIV-2 vir;0.000332374013758509
HIV-2 vir;-0.139088199798734
HIV-2 vir;-0.420989698355375
HIV-2 vir;-0.259250935947629
HIV-2 vir;0.0485566965030075
HIV-2 vir;-0.268412200367223
HIV-2 vir;-0.472503795384967
HIV-2 vir;-0.190602296828326
HIV-2 vir;0.360762012592936
HIV-2 vir;-0.319810055525236
HIV-2 vir;0.12024886877173
HIV-2 vir;-0.370457997876095
HIV-2 vir;-0.370457997876095
HIV-2 vir;-0.370457997876095
HIV-2 vir;-0.235560791183931
HIV-2 vir;-0.310765032977221
HIV-2 vir;-0.370457997876095
HIV-2 vir;-0.268295958495644
HIV-2 vir;0.628568107158651
HIV-2 vir;0.85461200879447
HIV-2 vir;0.655393726271583
HIV-2 vir;0.749679537783478
HIV-2 vir;0.446074117799629
HIV-2 vir;0.870147016645646
HIV-2 vir;0.963744981765476
HIV-2 vir;0.906851435582057
HIV-2 vir;1.09193665431969
HIV-2 vir;0.57854902298551
HIV-2 vir;0.847642526207488
HIV-2 vir;0.147283555594622
HIV-2 vir;0.557834058173484
HIV-2 vir;0.118370320035862
HIV-2 vir;0.659544575043146
HIV-2 vir;0.826290593760176
HIV-2 vir;0.608527886305257
HIV-2 vir;0.166427314489612
HIV-2 vir;0.400932454465821
HIV-2 vir;0.496382841147398
HIV-2 vir;0.389905684491024
HIV-2 vir;0.600290976625958
HIV-2 vir;0.486892406004913
HIV-2 vir;0.744727114777843
HIV-2 vir;0.00488437103426602
HIV-2 vir;0.154920153542132
HIV-2 vir;0.0194419313711231
HIV-2 vir;0.958004234225363
HIV-2 vir;0.657644574944575
HIV-2 vir;0.595562109919326
HIV-2 vir;0.131051714668718
HIV-2 vir;0.880274968984443
HIV-2 vir;0.277459010979842
HIV-2 vir;0.4503675885146
HIV-2 vir;0.167417748686868
HIV-2 vir;0.435561541785058
HIV-2 vir;1.34042862155059
HIV-2 vir;1.15877479469414
HIV-2 vir;1.39340528083292
HIV-2 vir;0.0953799615805381
HIV-2 vir;0.560657425253912
HIV-2 vir;-0.0286324698637175
HIV-2 vir;-0.06709341721295
HIV-2 vir;0.503345839923382
HIV-2 vir;0.89700665712335
HIV-2 vir;0.763925259137649
HIV-2 vir;-0.181828971034711
HIV-2 vir;1.15068231103103
HIV-2 vir;0.237318766971066
HIV-2 vir;0.61314599880554
HIV-2 vir;-0.0690249660313158
HIV-2 vir;0.404565081513414
HIV-2 vir;0.00458233268704563
HIV-2 vir;0.801545047816773
HIV-2 vir;0.363431835822991
HIV-2 vir;0.617108540853599
HIV-2 vir;-0.280913366136884
HIV-2 vir;0.662867700812533
HIV-2 vir;0.216283362587295
HIV-2 vir;0.776883719673254
HIV-2 vir;1.78273117264194
HIV-2 vir;0.334380090553916
HIV-2 vir;0.69746469762558
HIV-2 vir;0.65933056267694
HIV-2 vir;-0.0278045961230364
HIV-2 vir;1.07154156463026
HIV-2 vir;1.17119243293268
HIV-2 vir;0.488384955331384
HIV-2 vir;0.738854803134458
HIV-2 vir;0.636892139061432
HIV-2 vir;0.270745616711466
HIV-2 vir;0.43294045463446
HIV-2 vir;0.674275446013187
HIV-2 vir;0.601351398231307
HIV-2 vir;-0.0347969170509953
HIV-2 vir;1.6874723047368
HIV-2 vir;-0.170909566593569
HIV-2 vir;-0.303481332670144
HIV-2 vir;0.251672760527988
HIV-2 vir;0.508400940612494
HIV-2 vir;0.536599803643418
HIV-2 vir;0.264652782809734
HIV-2 vir;0.147218878074603
HIV-2 vir;0.149179214517002
HIV-2 vir;0.0836524038509296
HIV-2 vir;-0.327194251470771
HIV-2 vir;0.0372727553965943
HIV-2 vir;0.386117197685627
HIV-2 vir;0.0351145126751104
HIV-2 vir;0.483796106203384
HIV-2 vir;0.243286201844037
HIV-2 vir;0.0374535890984739
HIV-2 vir;0.211066591013428
HIV-2 vir;0.150946003248887
HIV-2 vir;0.0464357959723186
HIV-2 vir;0.300105603652247
HIV-2 vir;0.687446000796651
HIV-2 vir;0.41825632244076
HIV-2 vir;0.310635851752778
HIV-2 vir;-0.00791883308261552
HIV-2 vir;0.161079482143621
HIV-2 vir;0.444770175349957
HIV-2 vir;-0.301722091517594
HIV-2 vir;0.66993299146412
HIV-2 vir;0.64521287406983
HIV-2 vir;0.0821510226199359
HIV-2 vir;0.0966261575901906
HIV-2 vir;0.531950271357815
HIV-2 vir;0.255303760786391
HIV-2 vir;0.132607989257107
HIV-2 vir;-0.0128065083198875
HIV-2 vir;0.171479508369834
HIV-2 vir;0.0435823730561021
HIV-2 vir;0.453749937739873
HIV-2 vir;-0.0843263372610568
HIV-2 vir;0.29152092060542
HIV-2 vir;0.457472711105335
HIV-2 vir;0.431506706319463
HIV-2 vir;0.376965799154791
HIV-2 vir;0.0576077090600294
HIV-2 vir;0.0147965305407856
HIV-2 vir;-0.14281603977478
HIV-2 vir;0.5041500755317
HIV-2 vir;-0.0675215257608853
HIV-2 vir;0.540238421660358
HIV-2 vir;0.495860649671107
HIV-2 vir;-0.0940615475884666
HIV-2 vir;-0.11337160462541
HIV-2 vir;-0.0310286813395253
HIV-2 vir;0.024725721736694
HIV-2 vir;0.130089422534993
HIV-2 vir;0.267383695311886
HIV-2 vir;0.547275633186474
HIV-2 vir;0.197289382486713
HIV-2 vir;0.179238257313176
HIV-2 vir;0.171169042288097
HIV-2 vir;0.188301686230518
HIV-2 vir;0.385190247114944
HIV-2 vir;0.242657387046456
HIV-2 vir;0.0344438654161405
HIV-2 vir;-0.647150955253341
HIV-2 vir;-0.119339896023373
HIV-2 vir;-0.0330896790496632
HIV-2 vir;0.456424892755878
HIV-2 vir;-0.11496583088527
HIV-2 vir;-0.278558247873706
HIV-2 vir;0.0232848432193039
HIV-2 vir;-0.340549082353514
HIV-2 vir;0.516382830008392
HIV-2 vir;0.344506043302478
HIV-2 vir;-0.191642006182391
HIV-2 vir;0.289473066679561
HIV-2 vir;0.396759924323775
HIV-2 vir;-0.00747831825595429
HIV-2 vir;-0.24762144212693
HIV-2 vir;0.108338662630411
HIV-2 vir;0.0696196512849733
HIV-2 vir;-0.335272623701595
HIV-2 vir;0.183506303871232
HIV-2 vir;-0.258973497129431
HIV-2 vir;0.141885523844079
HIV-2 vir;-0.55908702471748
HIV-2 vir;-0.256397513031412
HIV-2 vir;-0.29413049680209
HIV-2 vir;-0.647150955253341
HIV-2 vir;0.058160686761217
HIV-2 vir;-0.227178717335772
HIV-2 vir;-0.221750143634298
HIV-2 vir;0.0184358410467034
HIV-2 vir;-0.407873986061097
HIV-2 vir;-0.647150955253341
HIV-2 vir;-0.176522594353064
HIV-2 vir;-0.228026547394425
HIV-2 vir;-0.344461443567274
HIV-2 vir;0.656297490049419
HIV-2 vir;-0.104210340205816
HIV-2 vir;0.160359950345137
HIV-2 vir;-0.418136275439159
HIV-2 vir;0.125408601661705
HIV-2 vir;-0.323624721719792
HIV-2 vir;0.0796987453498911
HIV-2 vir;0.34926128361564
HIV-2 vir;0.347585246413164
HIV-2 vir;-0.218594867338917
HIV-2 vir;-0.419616976642508
HIV-2 vir;-0.258098179577147
HIV-2 vir;-0.419508997152026
HIV-2 vir;0.171512941026555
HIV-2 vir;-0.136535448269299
HIV-2 vir;-0.647150955253341
HIV-2 vir;0.470929574266013
HIV-2 vir;-0.140174558410214
HIV-2 vir;-0.507572927687888
HIV-2 vir;-0.0576770063764323
HIV-2 vir;-0.229399269107292
HIV-2 vir;-0.419616976642508
HIV-2 vir;-0.0782942099413923
HIV-2 vir;-0.0662877849866789
HIV-2 vir;-0.116005540239335
HIV-2 vir;-0.0449662947043391
HIV-2 vir;0.308452603249542
HIV-2 vir;-0.423749303198654
HIV-2 vir;-0.366622178409567
HIV-2 vir;0.248018979964578
HIV-2 vir;0.633462898197815
HIV-2 vir;0.152567958221924
HIV-2 vir;0.160115241831245
HIV-2 vir;-0.55908702471748
HIV-2 vir;0.180362419848577
HIV-2 vir;-0.284624681350735
HIV-2 vir;-0.11916634134804
HIV-2 vir;-0.299337336719943
HIV-2 vir;0.119679535768316
HIV-2 vir;-0.0122078478472989
HIV-2 vir;0.224959561597684
HIV-2 vir;-0.405527130179016
HIV-2 vir;-0.318943900846503
HIV-2 vir;-0.0979610929372802
HIV-2 vir;0.199401791156102
HIV-2 vir;-0.331445066616165
HIV-2 vir;0.416787656746817
HIV-2 vir;-0.323170972258488
HIV-2 vir;0.231374050639
HIV-2 vir;-0.193014727895258
HIV-2 vir;0.0289125784969203
HIV-2 vir;1.45277581098671
HIV-2 vir;0.0715895760330398
HIV-2 vir;-0.0108714707315572
HIV-2 vir;0.409351927223406
HIV-2 vir;-0.0777300124587966
HIV-2 vir;0.046552966180091
HIV-2 vir;-0.3652494566967
HIV-2 vir;0.107125634107488
HIV-2 vir;0.14385796134135
HIV-2 vir;0.0117066397899321
HIV-2 vir;0.102993307551343
HIV-2 vir;-0.137607498595385
HIV-2 vir;-0.0238102173978258
HIV-2 vir;0.308975907335316
HIV-2 vir;-0.471023094181618
HIV-2 vir;-0.0727074117034124
HIV-2 vir;0.374205786472904
HIV-2 vir;-0.21730804002425
HIV-2 vir;0.296171334069233
HIV-2 vir;-0.231809519972723
HIV-2 vir;-0.227044150844114
HIV-2 vir;-0.0358979365962761
HIV-2 vir;0.176950701197244
HIV-2 vir;-0.278558247873706
HIV-2 vir;0.744965399518098
HIV-2 vir;-0.423749303198654
HIV-2 vir;-0.341921804066381
HIV-2 vir;0.11109893320561
HIV-2 vir;0.247328514391066
HIV-2 vir;0.638742264923367
HIV-2 vir;-0.423749303198654
HIV-2 vir;-0.331445066616165
HIV-2 vir;0.00270429403203204
HIV-2 vir;-0.0358979365962761
HIV-2 vir;0.290844474561395
HIV-2 vir;-0.0304562214758322
HIV-2 vir;-0.0211933146738206
HIV-2 vir;0.107396111815353
HIV-2 vir;0.0377269371810771
HIV-2 vir;-0.196107345097339
HIV-2 vir;0.0576077090600294
HIV-2 vir;-0.0299588173152485
HIV-2 vir;0.338022707628266
HIV-2 vir;-0.21730804002425
HIV-2 vir;0.25651535688315
HIV-2 vir;0.135194902145674
HIV-2 vir;-0.506200205975021
HIV-2 vir;-0.199490568252299
HIV-2 vir;0.477477878238944
HIV-2 vir;-0.0752278222608266
HIV-2 vir;-0.144593248067747
HIV-2 vir;0.246569748260216
HIV-2 vir;0.21322335184066
HIV-2 vir;-0.419508997152026
HIV-2 vir;-0.0238102173978258
HIV-2 vir;-0.321275688962821
HIV-2 vir;0.0766328607439101
HIV-2 vir;-0.507572927687888
HIV-2 vir;-0.442672840795915
HIV-2 vir;-0.0882067499090135
HIV-2 vir;0.102993307551343
HIV-2 vir;0.0149293770154817
HIV-2 vir;-0.296375934313244
HIV-2 vir;0.000489827766718943
HIV-2 vir;-0.0247873642203901
HIV-2 vir;-0.190438487841896
HIV-2 vir;0.295554605732489
HIV-2 vir;1.0147919583641
HIV-2 vir;2.76565919941755
HIV-2 vir;1.66466096495895
HIV-2 vir;2.14807308565729
HIV-2 vir;1.47460954989873
HIV-2 vir;1.69814343145554
HIV-2 vir;1.14622009193504
HIV-2 vir;2.6401232452183
HIV-2 vir;2.91970314452246
HIV-2 vir;2.1848271760323
HIV-2 vir;3.10876306889571
HIV-2 vir;1.11686186713502
HIV-2 vir;2.13788172346925
HIV-2 vir;2.72580746237411
HIV-2 vir;0.701239642115816
HIV-2 vir;2.26003149532831
HIV-2 vir;0.561075157867831
HIV-2 vir;2.75665624130234
HIV-2 vir;1.33926762610983
HIV-2 vir;0.479583996579035
HIV-2 vir;0.528487983868495
HIV-2 vir;2.06221722151859
HIV-2 vir;0.695048310686979
HIV-2 vir;1.93863292054261
HIV-2 vir;1.51665033447411
HIV-2 vir;0.887786165461224
HIV-2 vir;1.03911876446831
HIV-2 vir;1.01864130404264
HIV-2 vir;0.649684041871447
HIV-2 vir;2.72885339647066
HIV-2 vir;-0.191867039050711
HIV-2 vir;3.06076909958414
HIV-2 vir;1.78792774631025
HIV-2 vir;3.14429204191948
HIV-2 vir;0.84162405341885
HIV-2 vir;0.177288064859007
HIV-2 vir;2.20054569792848
HIV-2 vir;0.242571335116797
HIV-2 vir;-0.0882067499090135
HIV-2 vir;0.296090930254169
HIV-2 vir;1.11289123748872
HIV-2 vir;0.77442846047305
HIV-2 vir;1.02589322693707
HIV-2 vir;0.292401288016441
HIV-2 vir;0.816456547071168
HIV-2 vir;1.8955555447015
HIV-2 vir;2.12859040225108
HIV-2 vir;0.448849781880072
HIV-2 vir;1.22672278256469
HIV-2 vir;0.370524936387486
HIV-2 vir;0.746651234477695
HIV-2 vir;2.02505834624627
HIV-2 vir;2.06764522293246
HIV-2 vir;2.40172702018298
HIV-2 vir;2.7767428910569
HIV-2 vir;2.16368305941387
HIV-2 vir;1.6161884004863
HIV-2 vir;1.15895143701618
HIV-2 vir;0.35181775765497
HIV-2 vir;0.630818677803021
HIV-2 vir;0.793421898263706
HIV-2 vir;1.57064699781978
HIV-2 vir;2.67166699451052
HIV-2 vir;0.60880252300368
HIV-2 vir;2.6563747951726
HIV-2 vir;2.75291484145026
HIV-2 vir;0.75977245909913
HIV-2 vir;3.23991814753296
HIV-2 vir;0.506691138128205
HIV-2 vir;3.40195107412809
HIV-2 vir;0.632200437977615
HIV-2 vir;1.16062044914169
HIV-2 vir;0.411389545722025
HIV-2 vir;1.08432161218154
HIV-2 vir;1.90201588534046
HIV-2 vir;0.440424053332634
HIV-2 vir;3.03760087211681
HIV-2 vir;1.49592752030408
HIV-2 vir;0.776973087435743
HIV-2 vir;2.1745768647035
HIV-2 vir;0.327134685371605
HIV-2 vir;1.93591240472971
HIV-2 vir;0.933476745512005
HIV-2 vir;0.732527674505702
HIV-2 vir;0.519812329322867
HIV-2 vir;0.508552846091862
HIV-2 vir;1.85400584582575
HIV-2 vir;2.45328353904517
HIV-2 vir;0.196077436239694
HIV-2 vir;0.517543726692557
HIV-2 vir;1.58565683393516
HIV-2 vir;0.441415995910465
HIV-2 vir;0.804544906074823
HIV-2 vir;0.335616075346389
HIV-2 vir;2.01428738030509
HIV-2 vir;0.753297057464418
HIV-2 vir;1.39765746985322
HIV-2 vir;2.33419938497945
HIV-2 vir;1.74819817348047
HIV-2 vir;0.883107344259331
HIV-2 vir;0.505125206736304
HIV-2 vir;0.627537558324566
HIV-2 vir;0.683474607654611
HIV-2 vir;1.51119391419631
HIV-2 vir;0.072328750113582
HIV-2 vir;1.51757700982837
HIV-2 vir;2.0956369481625
HIV-2 vir;3.06473623736236
HIV-2 vir;0.865852764378929
HIV-2 vir;0.280610990338942
HIV-2 vir;1.01507568274189
HIV-2 vir;0.130692565041969
HIV-2 vir;1.79499385855664
HIV-2 vir;0.4768916828936
HIV-2 vir;1.09884079535314
HIV-2 vir;-0.0105109426456578
HIV-2 vir;2.9731849671731
HIV-2 vir;1.47891775157299
HIV-2 vir;3.07368091669613
HIV-2 vir;0.467344735712648
HIV-2 vir;-0.258098179577147
HIV-2 vir;0.154507404580935
HIV-2 vir;0.28386698058855
HIV-2 vir;0.714588989529169
HIV-2 vir;2.03962768368688
HIV-2 vir;0.104258096398899
HIV-2 vir;1.8749029306559
HIV-2 vir;0.169158183290872
HIV-2 vir;0.797343184532218
HIV-2 vir;0.170319326735143
HIV-2 vir;1.21082045378126
HIV-2 vir;0.795563804668416
HIV-2 vir;1.90882547545661
HIV-2 vir;0.247450520860885
HIV-2 vir;1.35301329068697
HIV-2 vir;0.265894069825347
HIV-2 vir;2.08298954896904
HIV-2 vir;0.23509316792675
HIV-2 vir;0.6902126217079
HIV-2 vir;0.662955765127934
HIV-2 vir;0.363290488937507
HIV-2 vir;0.941038289336205
HIV-2 vir;0.283768965957995
HIV-2 vir;2.03596069082404
HIV-2 vir;0.149643694890213
HIV-2 vir;0.271144868204514
HIV-2 vir;0.991575754461792
HIV-2 vir;1.21618835376315
HIV-2 vir;0.318471601535219
HIV-2 vir;1.74667040769305
HIV-2 vir;0.634303650696573
HIV-2 vir;0.844180952656041
HIV-2 vir;0.251609086067239
HIV-2 vir;0.529515828403956
HIV-2 vir;0.490854538431206
HIV-2 vir;0.882832676435972
HIV-2 vir;2.00389181176254
HIV-2 vir;0.917573283450683
HIV-2 vir;1.04184002831993
HIV-2 vir;2.64323297735175
HIV-2 vir;0.524110913727608
HIV-2 vir;1.37307447231714
HIV-2 vir;2.30558971903317
HIV-2 vir;0.442443561405792
HIV-2 vir;0.181007642453956
HIV-2 vir;1.29042916147505
HIV-2 vir;0.29573040216827
HIV-2 vir;0.280610990338942
HIV-2 vir;0.225606252354802
HIV-2 vir;-0.21730804002425
HIV-2 vir;0.33845846214589
HIV-2 vir;2.5878199739859
HIV-2 vir;0.430079664924759
HIV-2 vir;0.136567623858541
HIV-2 vir;1.40885289682605
HIV-2 vir;0.367603631824456
HIV-2 vir;1.56573082538083
HIV-2 vir;1.75007185360956
HIV-2 vir;0.545992920472048
HIV-2 vir;0.788354323509024
HIV-2 vir;0.708191143060463
HIV-2 vir;0.821999387377614
HIV-2 vir;2.20750318250312
HIV-2 vir;2.47402892377914
HIV-2 vir;0.39437348895939
HIV-2 vir;1.94524337399094
HIV-2 vir;2.20974950749068
HIV-2 vir;1.67362927697804
HIV-2 vir;0.291879612644674
HIV-2 vir;0.242853727414041
HIV-2 vir;0.402313817846331
HIV-2 vir;0.711186506600243
HIV-2 vir;0.773642622194729
HIV-2 vir;0.813986949700007
HIV-2 vir;0.933575154810013
HIV-2 vir;0.633496036969859
HIV-2 vir;0.532046116571617
HIV-2 vir;0.588180700822162
HIV-2 vir;-0.0752278222608266
HIV-2 vir;0.2721122221394
HIV-2 vir;0.364804431189905
HIV-2 vir;0.182472473035384
HIV-2 vir;0.233986570064976
HIV-2 vir;0.322833488079214
HIV-2 vir;0.579800078332431
HIV-2 vir;0.20717284737857
HIV-2 vir;-0.201549060217782
HIV-2 vir;0.105626165425315
HIV-2 vir;-0.1803249396845
HIV-2 vir;-0.423749303198654
HIV-2 vir;0.0937503108753329
HIV-2 vir;-0.146209192250383
HIV-2 vir;-0.335685372662792
HIV-2 vir;-0.0391712723751824
HIV-2 vir;0.118422852189343
HIV-2 vir;-0.240454011987231
HIV-2 vir;-0.277185526160838
HIV-2 vir;0.100180507012412
HIV-2 vir;0.176311748134314
HIV-2 vir;0.122916193610238
HIV-2 vir;0.411849962451208
HIV-2 vir;-0.330072344903297
HIV-2 vir;0.320296629202804
HIV-2 vir;0.455988681122823
HIV-2 vir;0.130013877522837
HIV-2 vir;-0.28107865843112
HIV-2 vir;-0.316090477930287
HIV-2 vir;-0.423336554237457
HIV-2 vir;0.197441795550953
HIV-2 vir;-0.16793726393951
HIV-2 vir;-0.0575324263334809
HIV-2 vir;-0.0538776921790893
HIV-2 vir;-0.0894048266766763
HIV-2 vir;-0.181193271238122
HIV-2 vir;-0.418136275439159
HIV-2 vir;0.00664073853025749
HIV-2 vir;-0.354608910260053
HIV-2 vir;0.460521693424543
HIV-2 vir;-0.144593248067747
HIV-2 vir;-0.139962616858564
HIV-2 vir;0.408038311586826
HIV-2 vir;-0.142483027415978
HIV-2 vir;-0.21730804002425
HIV-2 vir;-0.509919783569969
HIV-2 vir;0.576468555006111
HIV-2 vir;0.378123589259496
HIV-2 vir;0.193580652372086
HIV-2 vir;-0.288166031853123
HIV-2 vir;-0.423749303198654
HIV-2 vir;0.51831047327316
HIV-2 vir;0.26460740004214
HIV-2 vir;-0.647150955253341
HIV-2 vir;-0.0414795886844697
HIV-2 vir;-0.219271188741227
HIV-2 vir;-0.332592755460712
HIV-2 vir;-0.00777885352947692
HIV-2 vir;-0.242415646058402
HIV-2 vir;-0.340549082353514
HIV-2 vir;0.421092606557601
HIV-2 vir;-0.0520639786169378
HIV-2 vir;0.0232848432193039
HIV-2 vir;0.0292392353148821
HIV-2 vir;0.262594127925399
HIV-2 vir;-0.227044150844114
HIV-2 vir;-0.303481332670144
HIV-2 vir;-0.331445066616165
HIV-2 vir;-0.0763572907459295
HIV-2 vir;-0.28107865843112
HIV-2 vir;-0.367994900122434
HIV-2 vir;0.316276645377737
HIV-2 vir;-0.55908702471748
HIV-2 vir;-0.354995429699735
HIV-2 vir;0.417904582525253
HIV-2 vir;0.0726389632729739
HIV-2 vir;-0.0820008966454666
HIV-2 vir;0.120062770694022
HIV-2 vir;0.275075955878749
HIV-2 vir;-0.0744767968441915
HIV-2 vir;0.0622354996988361
HIV-2 vir;0.431041425204786
HIV-2 vir;-0.176848685874597
HIV-2 vir;0.233986570064976
HIV-2 vir;-0.0229525558263698
HIV-2 vir;-0.0287555549300975
HIV-2 vir;-0.22122040123801
HIV-2 vir;0.731581644448236
HIV-2 vir;0.325113382881131
HIV-2 vir;0.428633610763307
HIV-2 vir;-0.0708286398139875
HIV-2 vir;0.298083845289808
HIV-2 vir;0.34601043937453
HIV-2 vir;0.0628745251336896
HIV-2 vir;-0.393435901095973
HIV-2 vir;0.201348493852889
HIV-2 vir;-0.211295219566367
HIV-2 vir;-0.14858800428767
HIV-2 vir;-0.00951976401009744
HIV-2 vir;0.234414793294888
HIV-2 vir;0.652250219145681
HIV-2 vir;0.0408227682128241
HIV-2 vir;0.470387706024873
HIV-2 vir;-0.265949102613562
HIV-2 vir;-0.296375934313244
HIV-2 vir;1.03449016601011
HIV-2 vir;-0.176512450364834
HIV-2 vir;-0.419508997152026
HIV-2 vir;0.0661478609125959
HIV-2 vir;0.489534916165899
HIV-2 vir;0.497927171871094
HIV-2 vir;0.315455047995233
HIV-2 vir;0.0904233013606797
HIV-2 vir;-0.0234704720034706
HIV-2 vir;-0.0302362561334468
HIV-2 vir;-0.0249128922687691
HIV-2 vir;-0.382959163645756
HIV-2 vir;0.384227564194389
HIV-2 vir;0.084606524094697
HIV-2 vir;0.266775955627226
HIV-2 vir;-0.015542147616616
HIV-2 vir;-0.238581245778171
HIV-2 vir;-0.545105157744469
HIV-2 vir;0.00267922989583989
HIV-2 vir;-0.234080089980581
HIV-2 vir;0.492525130327166
HIV-2 vir;0.1383146775706
HIV-2 vir;-0.109249422057495
HIV-2 vir;-0.118002635730367
HIV-2 vir;-0.164421221281791
HIV-2 vir;-0.419508997152026
HIV-2 vir;0.520367092981626
HIV-2 vir;0.830574497557548
HIV-2 vir;-0.0492066007509665
HIV-2 vir;-0.318943900846503
HIV-2 vir;0.0088518954829124
HIV-2 vir;-0.139962616858564
HIV-2 vir;-0.0126181282484971
HIV-2 vir;0.0463434263565885
HIV-2 vir;0.0168228271800278
HIV-2 vir;0.428848485043687
HIV-2 vir;-0.0820400170578554
HIV-2 vir;0.547514462017246
HIV-2 vir;-0.481499831631835
HIV-2 vir;-0.15435171552254
HIV-2 vir;-0.202343776500928
HIV-2 vir;-0.318992436789726
HIV-2 vir;-0.242008414367436
HIV-2 vir;-0.321290756728585
HIV-2 vir;-0.23054695795184
HIV-2 vir;0.120130361929878
HIV-2 vir;-0.367994900122434
HIV-2 vir;-0.506200205975021
HIV-2 vir;-0.10127211316127
HIV-2 vir;0.135249639315333
HIV-2 vir;0.154602077752289
HIV-2 vir;-0.109249422057495
HIV-2 vir;-3.93596034560826e-05
HIV-2 vir;-0.0325913743966255
HIV-2 vir;-0.384439864849106
HIV-2 vir;0.0385074733772413
HIV-2 vir;-0.420989698355375
HIV-2 vir;-0.282277825468654
HIV-2 vir;0.076819694047499
HIV-2 vir;-0.211295219566367
HIV-2 vir;-0.00187543448468971
HIV-2 vir;-0.0176271108733035
HIV-2 vir;0.115634032331544
HIV-2 vir;-0.115760547168416
HIV-2 vir;0.08876448014919
HIV-2 vir;0.751552867928358
HIV-2 vir;-0.147496860648069
HIV-2 vir;-0.282394067340234
HIV-2 vir;0.0967197370727665
HIV-2 vir;-0.370457997876095
HIV-2 vir;-0.260117090626361
HIV-2 vir;0.494236946578431
HIV-1;1.82121917427221
HIV-1;-0.366622178409567
HIV-1;-0.0941562924443063
HIV-1;0.316758112933978
HIV-1;0.309063263419636
HIV-1;0.32614719699086
HIV-1;-0.301722091517594
HIV-1;0.454414314858988
HIV-1;1.43532547943929
HIV-1;0.13659769254785
HIV-1;-0.0975571882527724
HIV-1;-0.321703505689782
HIV-1;0.254425262105956
HIV-1;0.320058220023043
HIV-1;0.130054751291589
HIV-1;0.329700270552924
HIV-1;0.363744101497463
HIV-1;0.263071997494842
HIV-1;0.22916415067156
HIV-1;0.138797875975432
HIV-1;-0.0933223735079243
HIV-1;0.103165995825103
HIV-1;0.309455447582716
HIV-1;0.0626482769558308
HIV-1;0.18941777895475
HIV-1;0.392493194219938
HIV-1;-0.121059791512587
HIV-1;-0.383366395336723
HIV-1;-0.507572927687888
HIV-1;-0.393435901095973
HIV-1;-0.366622178409567
HIV-1;0.459687774526501
HIV-1;0.763533325937651
HIV-1;0.108053853847469
HIV-1;0.0881329084810364
HIV-1;0.217766046080968
HIV-1;0.2015884791088
HIV-1;0.0536522407089633
HIV-1;0.53369524040168
HIV-1;-0.112241911449656
HIV-1;-0.0584634244527699
HIV-1;0.129593916674022
HIV-1;0.375262722307247
HIV-1;-0.0899292210323214
HIV-1;-0.184544322269792
HIV-1;1.42096843059295
HIV-1;-0.0391712723751824
HIV-1;0.203713327078046
HIV-1;-0.337166073866141
HIV-1;1.07582276074133
HIV-1;-0.163388244963279
HIV-1;0.0385211187354683
HIV-1;0.340830197917523
HIV-1;0.795471415480872
HIV-1;-0.149286959831909
HIV-1;-0.0223099242365378
HIV-1;-0.272608252805654
HIV-1;0.358598999598679
HIV-1;0.378456843827626
HIV-1;-0.255338574733869
HIV-1;0.430184941869509
HIV-1;-0.16390330510469
HIV-1;-0.2841712756332
HIV-1;-0.222709270465418
HIV-1;-0.32961054727054
HIV-1;-0.234273122786245
HIV-1;0.169863327775241
HIV-1;-0.506200205975021
HIV-1;-0.647150955253341
HIV-1;-0.034368582689592
HIV-1;0.00602391347800623
HIV-1;-0.506200205975021
HIV-1;0.0967394693666637
HIV-1;-0.205268637812731
HIV-1;-0.20448709744578
HIV-1;-0.420656685996573
HIV-1;0.0594346210677116
HIV-1;-0.1539553969665
HIV-1;-0.252485151817653
HIV-1;-0.354995429699735
HIV-1;0.834755197553707
HIV-1;-0.184912848833071
HIV-1;-0.149961739850184
HIV-1;0.121182457032621
HIV-1;-0.472503795384967
HIV-1;-0.331553046106647
HIV-1;0.297122361629328
HIV-1;-0.384439864849106
HIV-1;0.177006530693192
HIV-1;-0.0314395185185979
HIV-1;0.284720837849318
HIV-1;-0.384439864849106
HIV-1;0.628749406713561
HIV-1;0.0849337467769796
HIV-1;-0.167460584622018
HIV-1;-0.0955422487918159
HIV-1;0.366679790450801
HIV-1;-0.139587010553807
HIV-1;0.212705950394895
HIV-1;-0.167460584622018
HIV-1;0.924452305486641
HIV-1;0.770874044886333
HIV-1;1.16159353732995
HIV-1;1.83016432107457
HIV-1;0.0661478609125959
HIV-1;0.3935841606419
HIV-1;0.16510124203416
HIV-1;-0.11802274785111
HIV-1;-0.200971054788061
HIV-1;0.526984396645488
HIV-1;-0.280038949077055
HIV-1;-0.00746508362131178
HIV-1;0.783841671665399
HIV-1;0.196535451941519
HIV-1;0.240338409859079
HIV-1;-0.258973497129431
HIV-1;-0.127074931649221
HIV-1;0.352129098616064
HIV-1;-0.0358979365962761
HIV-1;-0.506200205975021
HIV-1;-0.0755608346196288
HIV-1;-0.176109845391867
HIV-1;0.20487381276598
HIV-1;0.132875227987167
HIV-1;-0.0885564993194543
HIV-1;0.731893794780808
HIV-1;0.406672058982522
HIV-1;0.331099492806842
HIV-1;0.0451730805657307
HIV-1;0.110791034892105
HIV-1;-0.0646434323283585
HIV-1;-0.0162680072910142
HIV-1;-0.25385787353052
HIV-1;-0.136070967896088
HIV-1;-0.243788367771269
HIV-1;-0.0160074287312936
HIV-1;-0.139790545491037
HIV-1;-0.25777023474428
HIV-1;-0.317463199643154
HIV-1;0.039849716701053
HIV-1;0.135414867488059
HIV-1;-0.0763572907459295
HIV-1;0.849691010905835
HIV-1;0.0946387134016723
HIV-1;0.380727054646381
HIV-1;0.302295804222573
HIV-1;0.637833634462544
HIV-1;-0.0834510197087734
HIV-1;0.190651340904667
HIV-1;0.0474119569573299
HIV-1;0.400504339009683
HIV-1;0.183364236368594
HIV-1;-0.344268659948463
HIV-1;-0.0479276971110377
HIV-1;-0.341921804066381
HIV-1;0.254631986059797
HIV-1;0.15183807235735
HIV-1;0.313866409079711
HIV-1;-0.335685372662792
HIV-1;0.204227315593792
HIV-1;0.00122990233971524
HIV-1;0.327759915175619
HIV-1;-0.471023094181618
HIV-1;0.0628745251336896
HIV-1;-0.190438487841896
HIV-1;-0.335685372662792
HIV-1;0.554875897400424
HIV-1;0.235352507162896
HIV-1;0.290532568768289
HIV-1;-0.218788741227599
HIV-1;0.326181492648555
HIV-1;0.182136237525621
HIV-1;0.117597181048521
HIV-1;-0.472503795384967
HIV-1;-0.0340938889822606
HIV-1;0.0175418933237102
HIV-1;0.0180358557029501
HIV-1;-0.366622178409567
HIV-1;-0.25385787353052
HIV-1;0.228872424232215
HIV-1;0.379176114173743
HIV-1;0.0955947747387317
HIV-1;-0.473984496588317
HIV-1;-0.256204729412601
HIV-1;0.224007144609165
HIV-1;0.209150719365076
HIV-1;0.586875613831868
HIV-1;0.68226406778529
HIV-1;-0.137037721472146
HIV-1;-0.297878448898879
HIV-1;-0.258973497129431
HIV-1;0.494030567417907
HIV-1;0.0256656101644026
HIV-1;1.67912306790203
HIV-1;-0.0707649128673057
HIV-1;-0.088448519828972
HIV-1;0.930615774437974
HIV-1;0.216498323873364
HIV-1;1.43978521279439
HIV-1;-0.302108610957277
HIV-1;0.332632377759823
HIV-1;-0.25777023474428
HIV-1;0.219476670955507
HIV-1;0.199164598248546
HIV-1;0.256941763166444
HIV-1;0.0486646759934897
HIV-1;-0.302657686114015
HIV-1;0.199862989938249
HIV-1;0.859198724275551
HIV-1;0.15074213867258
HIV-1;0.829968623115808
HIV-1;0.384627335852981
HIV-1;0.100704901368057
HIV-1;-0.108043414561477
HIV-1;0.0348498335529502
HIV-1;1.00218590605109
HIV-1;0.0854892364847118
HIV-1;-0.153944483831574
HIV-1;-0.55908702471748
HIV-1;0.674862263733526
HIV-1;-0.219271188741227
HIV-1;0.160005730555993
HIV-1;-0.155425185034924
HIV-1;0.0454012618305612
HIV-1;0.463227079923046
HIV-1;0.0181875417847733
HIV-1;-0.119098157441415
HIV-1;0.106196944777818
HIV-1;0.118510587283383
HIV-1;-0.0331493378226149
HIV-1;-0.133030225240201
HIV-1;1.1414783642524
HIV-1;-0.164490919834222
HIV-1;-0.0945066909249046
HIV-1;0.64088887828311
HIV-1;-0.280913366136884
HIV-1;-0.206671444778403
HIV-1;-0.015514145110668
HIV-1;-0.00421214637854115
HIV-1;-0.0390782392987739
HIV-1;-0.0615260009652839
HIV-1;-0.421855853034107
HIV-1;-0.382959163645756
HIV-1;-0.471023094181618
HIV-1;-0.647150955253341
HIV-1;0.152027616400806
HIV-1;-0.0173278586728195
HIV-1;-0.0442112799116568
HIV-1;-0.647150955253341
HIV-1;-0.0531904162710009
HIV-1;0.358926990925069
HIV-1;-0.193014727895258
HIV-1;-0.2841712756332
HIV-1;0.0317596458722964
HIV-1;1.35943153533245
HIV-1;0.59749531992116
HIV-1;-0.105058776849879
HIV-1;-0.177993151568183
HIV-1;-0.358046991984244
HIV-1;-0.356089611463403
HIV-1;0.00119852869249057
HIV-1;-0.143682194453512
HIV-1;0.0218041420159545
HIV-1;-0.331553046106647
HIV-1;0.244205956549505
HIV-1;-0.280038949077055
HIV-1;-0.472503795384967
HIV-1;-0.194495429098608
HIV-1;-0.106431498562746
HIV-1;0.621091910310362
HIV-1;-0.115760547168416
HIV-1;-0.421855853034107
HIV-1;-0.313341017075239
HIV-1;-0.198884213674515
HIV-1;-0.00981041511097409
HIV-1;-0.106286918519795
HIV-1;0.690163599870211
HIV-1;-0.420989698355375
HIV-1;-0.224960895931523
HIV-1;0.316748425820326
HIV-1;-0.132687959408715
HIV-1;0.252511653295551
HIV-1;0.0361735065942567
HIV-1;-0.208602993596769
HIV-1;0.0627543748391805
HIV-1;-0.203395871603671
HIV-1;0.0946837211244973
HIV-1;0.141402932284111
HIV-1;0.0554643881151774
HIV-1;0.372819003775392
HIV-1;0.5709193171076
HIV-1;0.0388959687810947
HIV-1;0.211701194972967
HIV-1;1.02936659634936
HIV-1;0.0904233013606797
HIV-1;-0.24762144212693
HIV-1;0.708397943176847
HIV-1;0.636758262861934
HIV-1;0.497012055249112
HIV-1;2.0539481730953
HIV-1;1.5221053631107
HIV-1;0.218555958043822
HIV-1;0.772990685490796
HIV-1;1.12180024020407
HIV-1;0.266368931296111
HIV-1;0.103868525352639
HIV-1;0.692881952034754
HIV-1;-0.268025680927541
HIV-1;-0.139088199798734
HIV-1;-0.0688942474737524
HIV-1;0.0623904068698877
HIV-1;0.284571379971433
HIV-1;0.5198458154803
HIV-1;-0.0714935810552072
HIV-1;-0.0384658945064299
HIV-1;0.253201773122491
HIV-1;0.685677200998446
HIV-1;0.214637249329335
HIV-1;0.464761966683167
HIV-1;0.686034360845834
HIV-1;-0.177885172077701
HIV-1;-0.419508997152026
HIV-1;0.512791130400631
HIV-1;-0.0650190253349801
HIV-1;0.555734885635736
HIV-1;-0.0358979365962761
HIV-1;0.708679898017164
HIV-1;-0.0242093005484671
HIV-1;0.170289809993773
HIV-1;0.372319324643936
HIV-1;-0.423749303198654
HIV-1;0.357933678346862
HIV-1;0.037709234437397
HIV-1;0.671543980629689
HIV-1;-0.10357807564653
HIV-1;0.265947872505498
HIV-1;0.504008569178078
HIV-1;0.0860333477451663
HIV-1;1.01964645195363
HIV-1;0.041250584939785
HIV-1;0.235775447751998
HIV-1;-0.471023094181618
HIV-1;0.138292612350207
HIV-1;0.192155887676948
HIV-1;0.961401139122779
HIV-1;0.0268409012398137
HIV-1;-0.335685372662792
HIV-1;0.328354133399406
HIV-1;-0.171015964279198
HIV-1;0.585812288307715
HIV-1;-0.279705936718253
HIV-1;0.486220923018994
HIV-1;0.34795661275016
HIV-1;-0.118520152011694
HIV-1;0.200696021742412
HIV-1;-0.331445066616165
HIV-1;0.608829555762771
HIV-1;0.140621989481158
HIV-1;-0.419508997152026
HIV-1;0.228872424232215
HIV-1;-0.340549082353514
HIV-1;0.743114215114881
HIV-1;-0.0759442634128984
HIV-1;-0.00829548663353909
HIV-1;-0.268025680927541
HIV-1;0.263156372305855
HIV-1;-0.0613930272226075
HIV-1;1.08320900283843
HIV-1;0.130632242740792
HIV-1;-0.0575117140821968
HIV-1;-0.26950638213089
HIV-1;-0.0778379919492788
HIV-1;-0.399924246407751
HIV-1;-0.190438487841896
HIV-1;-0.154136840149609
HIV-1;-0.0579334643961949
HIV-1;0.0855197720098958
HIV-1;-0.301722091517594
HIV-1;2.01286245422964
HIV-1;1.0056409070492
HIV-1;0.136536464878904
HIV-1;-0.0316039103203793
HIV-1;0.58890510316641
HIV-1;-0.272608252805654
HIV-1;-0.399924246407751
HIV-1;-0.079693161175774
HIV-1;0.378815089217445
HIV-1;0.543402095717406
HIV-1;-0.419616976642508
HIV-1;-0.0250291341403486
HIV-1;0.0176718154598093
HIV-1;-0.418136275439159
HIV-1;1.31333123224272
HIV-1;-0.191642006182391
HIV-1;-0.190494317337844
HIV-1;-0.0801465668933093
HIV-1;-0.0355617010865131
HIV-1;-0.29445587143297
HIV-1;-0.086846747818471
HIV-1;-0.255338574733869
HIV-1;-0.219794034376451
HIV-1;-0.385920566052455
HIV-1;-0.471023094181618
HIV-1;-0.136070967896088
HIV-1;0.404161081672214
HIV-1;-0.206256137714688
HIV-1;0.38532803181399
HIV-1;-0.471023094181618
HIV-1;0.239609932710098
HIV-1;-0.419508997152026
HIV-1;0.378023887904763
HIV-1;0.00254030609330782
HIV-1;-0.020180368504774
HIV-1;-0.176522594353064
HIV-1;-0.384439864849106
HIV-1;0.307097136239983
HIV-1;-0.254043813954531
HIV-1;0.249957428972579
HIV-1;0.126796423274264
HIV-1;0.835157400023854
HIV-1;0.0510215282459991
HIV-1;-0.0968384161656433
HIV-1;-0.211295219566367
HIV-1;0.665800256869215
HIV-1;-0.202343776500928
HIV-1;-0.0854924654629165
HIV-1;0.968160025232175
HIV-1;0.543652177085335
HIV-1;0.0952870110514021
HIV-1;-0.0340251703872162
HIV-1;0.121027094748653
HIV-1;0.0506995020085866
HIV-1;0.190017855642755
HIV-1;0.76570474575442
HIV-1;-0.121742325446059
HIV-1;0.822385824460796
HIV-1;1.01703915956343
HIV-1;0.0771924598043044
HIV-1;0.199427411809149
HIV-1;0.0426406049663312
HIV-1;0.100406755190271
HIV-1;-0.277021717174409
HIV-1;0.543233719866075
HIV-1;-0.0516569164027437
HIV-1;1.15501833225862
HIV-1;0.675231090388899
HIV-1;0.669800362925776
HIV-1;0.392934085043319
HIV-1;-0.121889045706694
HIV-1;0.372558538881221
HIV-1;-0.160771342239274
HIV-1;0.0232995507374257
HIV-1;-0.323170972258488
HIV-1;-0.137607498595385
HIV-1;-0.0799489903536908
HIV-1;-0.0727074117034124
HIV-1;1.14664384092561
HIV-1;0.0362867218449342
HIV-1;-0.079693161175774
HIV-1;-0.313341017075239
HIV-1;0.204227315593792
HIV-1;-0.335685372662792
HIV-1;0.225436920856359
HIV-1;0.239323915144257
HIV-1;0.0759317239433404
HIV-1;0.298734265363662
HIV-1;0.141562548344645
HIV-1;-0.103911088005332
HIV-1;-0.0613930272226075
HIV-1;0.636873403883796
HIV-1;-0.442672840795915
HIV-1;-0.219271188741227
HIV-1;0.5234415184699
HIV-1;0.35120837082502
HIV-1;-0.317463199643154
HIV-1;0.807783378879439
HIV-1;1.08641507589221
HIV-1;0.179190372143031
HIV-1;1.84504636634325
HIV-1;0.215289786166408
HIV-1;-0.000549881587345946
HIV-1;-0.132687959408715
HIV-1;1.11389711940247
HIV-1;-0.297856635516593
HIV-1;0.436862956818827
HIV-1;-0.258098179577147
HIV-1;-0.130724810691738
HIV-1;0.00729489248104961
HIV-1;-0.0287555549300975
HIV-1;-0.0580100187352345
HIV-1;0.012836108275035
HIV-1;0.238931222212051
HIV-1;-0.026323894919687
HIV-1;0.0881329084810364
HIV-1;-0.419616976642508
HIV-1;-0.0600203055097404
HIV-1;0.176668139423228
HIV-1;-0.0304562214758322
HIV-1;0.134428069143734
HIV-1;0.0121064324883207
HIV-1;-0.213658160981733
HIV-1;-0.0146738160629939
HIV-1;-0.253498707347602
HIV-1;-0.112907124252199
HIV-1;-0.0619393639912849
HIV-1;0.110494527802488
HIV-1;0.30338647824611
HIV-1;0.0745102076909443
HIV-1;0.324429097970537
HIV-1;-0.190494317337844
HIV-1;0.539707670364133
HIV-1;-0.0750157280126997
HIV-1;0.10665870833596
HIV-1;-0.418136275439159
HIV-1;0.0865109401469199
HIV-1;-0.1803249396845
HIV-1;-0.136070967896088
HIV-1;-0.159557511591069
HIV-1;-0.0748028883657246
HIV-1;0.304159976107062
HIV-1;0.124881885754328
HIV-1;-0.146209192250383
HIV-1;-0.55908702471748
HIV-1;0.227910079813512
HIV-1;-0.1187945334611
HIV-1;-0.301722091517594
HIV-1;-0.471023094181618
HIV-1;0.0365582266442822
HIV-1;-0.129244109488388
HIV-1;0.334637799336036
HIV-1;1.03197633359386
HIV-1;-0.242008414367436
HIV-1;0.371819697166825
HIV-1;0.0196349641767867
HIV-1;0.0865109401469199
HIV-1;0.212354384887349
HIV-1;0.00654780232525268
HIV-1;-0.0476010692234169
HIV-1;-0.214593755578153
HIV-1;0.108069710986878
HIV-1;-0.0130770435274256
HIV-1;1.11704799115455
HIV-1;-0.368977296672746
HIV-1;0.922627364524082
HIV-1;0.0728206109300926
HIV-1;0.0317596458722964
HIV-1;0.48720570502099
HIV-1;-0.088458663817202
HIV-1;0.294726990626551
HIV-1;0.0558901101697561
HIV-1;-0.252563112751181
HIV-1;-0.168584125977979
HIV-1;0.121454758875143
HIV-1;-0.399924246407751
HIV-1;-0.238185484000005
HIV-1;-0.138408214478359
HIV-1;0.136228812714684
HIV-1;-0.11802274785111
HIV-1;-0.0440789222659244
HIV-1;0.0116659176616595
HIV-1;-0.192870147852307
HIV-1;0.304489191149022
HIV-1;0.177691158350825
HIV-1;-0.225671429131247
HIV-1;1.26430898032775
HIV-1;0.934239893959321
HIV-1;0.0838384638823108
HIV-1;-0.189121595624977
HIV-1;-0.0327516456584489
HIV-1;-0.10763066560028
HIV-1;-0.419508997152026
HIV-1;-0.342499809496103
HIV-1;-0.144593248067747
HIV-1;0.122913764088812
HIV-1;0.256881193416197
HIV-1;0.210733113348298
HIV-1;-0.0393741904061797
HIV-1;0.622523874962386
HIV-1;-0.182125478124328
HIV-1;0.198020108094623
HIV-1;-0.0744767968441915
HIV-1;0.502702318088176
HIV-1;0.360460698304826
HIV-1;-0.211295219566367
HIV-1;0.0515913053692387
HIV-1;0.934768315253934
HIV-1;0.821194899119819
HIV-1;-0.081970318505424
HIV-1;1.00172958684867
HIV-1;-0.196107345097339
HIV-1;-0.55908702471748
HIV-1;-0.159557511591069
HIV-1;0.311487706833097
HIV-1;0.0194089613662711
HIV-1;0.268519761255899
HIV-1;0.190810277658062
HIV-1;0.283491073269855
HIV-1;-0.103684039086006
HIV-1;0.679855366057242
HIV-1;0.321500090935671
HIV-1;1.2363634062725
HIV-1;-0.219271188741227
HIV-1;-0.227044150844114
HIV-1;-0.506200205975021
HIV-1;-0.506200205975021
HIV-1;0.541605905624743
HIV-1;0.915952607445671
HIV-1;-0.647150955253341
HIV-1;1.1705511833264
HIV-1;-0.0853660466151216
HIV-1;-0.214044680421415
HIV-1;-0.301722091517594
HIV-1;-0.382959163645756
HIV-1;-0.27306176178807
HIV-1;-0.0496601097333824
HIV-1;-0.14522629064021
HIV-1;-0.024649319827655
HIV-1;0.0500373977063568
HIV-1;-0.647150955253341
HIV-1;-0.301722091517594
HIV-1;-0.147215282574803
HIV-1;-0.423749303198654
HIV-1;-0.358046991984244
HIV-1;0.354671180571187
HIV-1;0.0237666553332438
HIV-1;0.0943514164549819
HIV-1;-0.23363957515392
HIV-1;-0.00525844297206272
HIV-1;-0.419508997152026
HIV-1;-0.242008414367436
HIV-1;-0.103606078152478
HIV-1;-0.23054695795184
HIV-1;-0.471023094181618
HIV-1;-0.507572927687888
HIV-1;-0.366622178409567
HIV-1;-0.125594230445871
HIV-1;0.295951437479881
HIV-1;-0.00187543448468971
HIV-1;0.225665765673374
HIV-1;-0.126090463365366
HIV-1;-0.360672183341516
HIV-1;-0.423749303198654
HIV-1;-0.423749303198654
HIV-1;-0.177660139209381
HIV-1;0.258297300722142
HIV-1;-0.0506912569040706
HIV-1;-0.137443689608955
HIV-1;-0.156052382068275
HIV-1;-0.0495435680595235
HIV-1;-0.410207951052304
HIV-1;-0.138755187439932
HIV-1;-0.335685372662792
HIV-1;0.0967873545368093
HIV-1;-0.423749303198654
HIV-1;-0.280913366136884
HIV-1;-0.176522594353064
HIV-1;-0.110192839806102
HIV-1;-0.111534402539332
HIV-1;-0.135664999759278
HIV-1;-0.262010540790907
HIV-1;-0.112799359429304
HIV-1;0.233510546189681
HIV-1;-0.376057791000947
HIV-1;0.0392836442796713
HIV-1;-0.24762144212693
HIV-1;-0.189121595624977
HIV-1;0.0611064745013386
HIV-1;0.0135972776799
HIV-1;-0.418136275439159
HIV-1;0.203574345433058
HIV-1;0.14412123984011
HIV-1;-0.201549060217782
HIV-1;0.0385203624763381
HIV-1;-0.393435901095973
HIV-1;-0.101142041916668
HIV-1;0.461313432339666
HIV-1;-0.507572927687888
HIV-1;-0.368977296672746
HIV-1;-0.176512450364834
HIV-1;0.0079205240381198
HIV-1;-0.242008414367436
HIV-1;0.0677770867133732
HIV-1;1.19306888442398
HIV-1;-0.119395469563977
HIV-1;0.0650708371448271
HIV-1;0.0646181290487014
HIV-1;0.0717920118666619
HIV-1;-0.341921804066381
HIV-1;-0.108043414561477
HIV-1;-0.140460921511602
HIV-1;-0.058725544730402
HIV-1;-0.0587248698204086
HIV-1;1.09531658195083
HIV-1;0.130439806632663
HIV-1;0.303686729061072
HIV-1;0.468078186790841
HIV-1;-0.242008414367436
HIV-1;0.0461693295722677
HIV-1;-0.0565293175318852
HIV-1;0.212742761144982
HIV-1;0.303970841727716
HIV-1;-0.252485151817653
HIV-1;0.00872342400094771
HIV-1;0.481139928362552
HIV-1;0.332038276692365
HIV-1;-0.178041687511405
HIV-1;-0.170909566593569
HIV-1;-0.0536200651197211
HIV-1;-0.55908702471748
HIV-1;0.156640133049643
HIV-1;0.0610017589246297
HIV-1;0.600394394931773
HIV-1;-0.0101156411207269
HIV-1;0.0429013245637329
HIV-1;0.104258096398899
HIV-1;-0.342499809496103
HIV-1;-0.420656685996573
HIV-1;-0.00763725500934954
HIV-1;-0.471023094181618
HIV-1;-0.193347740254061
HIV-1;-0.0782791421756282
HIV-1;-0.277185526160838
HIV-1;-0.481499831631835
HIV-1;0.00866661625705573
HIV-1;-0.225671429131247
HIV-1;-0.206391940897108
HIV-1;-0.506200205975021
HIV-1;-0.55908702471748
HIV-1;0.0103156977176207
HIV-1;-0.0947814197060528
HIV-1;-0.506200205975021
HIV-1;-0.137607498595385
HIV-1;0.079557722055713
HIV-1;-0.188957786638547
HIV-1;0.0274656195963997
HIV-1;-0.108043414561477
HIV-1;-0.162144063952141
HIV-1;-0.507572927687888
HIV-1;-0.0736430062998326
HIV-1;-0.163079658548561
HIV-1;-0.330072344903297
HIV-1;-0.0377447479821646
HIV-1;-0.0564563493937998
HIV-1;0.0280436250261212
HIV-1;0.106499771582565
HIV-1;-0.101057665089115
HIV-1;-0.647150955253341
HIV-1;-0.481499831631835
HIV-1;-0.258973497129431
HIV-1;0.142814705440941
HIV-1;-0.200971054788061
HIV-1;-0.277185526160838
HIV-1;-0.423749303198654
HIV-1;-0.481499831631835
HIV-1;-0.506200205975021
HIV-1;0.0652957852005264
HIV-1;-0.418136275439159
HIV-1;-0.382519801968831
HIV-1;-0.55908702471748
HIV-1;-0.264576380900695
HIV-1;-0.295828593145837
HIV-1;-0.137607498595385
HIV-1;-0.0441963647463632
HIV-1;0.0669367576656991
HIV-1;-0.284445657082607
HIV-1;-0.471023094181618
HIV-1;-0.531672365928197
HIV-1;-0.111565561518969
HIV-1;-0.296536205575067
HIV-1;-0.301722091517594
HIV-1;-0.330072344903297
HIV-1;-0.647150955253341
HIV-1;0.477607538377504
HIV-1;-0.227044150844114
HIV-1;-0.0324792278726627
HIV-1;-0.330072344903297
HIV-1;-0.227044150844114
HIV-1;-0.183592944693035
HIV-1;-0.160765253076417
HIV-1;0.0115675013198126
HIV-1;-0.0208274088340513
HIV-1;-0.299693360789808
HIV-1;0.101859864142638
HIV-1;-0.143745589436861
HIV-1;-0.420989698355375
HIV-1;-0.507572927687888
HIV-1;-0.201549060217782
HIV-1;-0.647150955253341
HIV-1;0.171294496858219
HIV-1;-0.376057791000947
HIV-1;-0.227044150844114
HIV-1;-0.28107865843112
HIV-1;-0.159557511591069
HIV-1;0.0620730479749768
HIV-1;-0.2841712756332
HIV-1;-0.341921804066381
HIV-1;-0.507572927687888
HIV-1;-0.0723851319327011
HIV-1;-0.507572927687888
HIV-1;-0.342499809496103
HIV-1;-0.471023094181618
HIV-1;-0.507572927687888
HIV-1;0.0218525918369051
HIV-1;-0.244969816774134
HIV-1;-0.0788777013033437
HIV-1;-0.0726467416629942
HIV-1;0.0930043819585122
HIV-1;-0.31186031587189
HIV-1;-0.55908702471748
HIV-1;-0.55908702471748
HIV-1;-0.55908702471748
HIV-1;-0.2841712756332
HIV-1;-0.507572927687888
HIV-1;0.117957571074665
HIV-1;-0.507572927687888
HIV-1;-0.105444080980022
HIV-1;0.189779019590653
